Apartment_ID,Building Age,floor,Bedrooms ,Living room,Guest room,Bathroom,Kitchen,Storage ,Maid's room ,Terrace,Garden,Roof,Duplex,Balcony,size,city,location,furnished,furnishing_level(1-5),Price per SQM,price,floor_number,is_basement,total_rooms,amenities_score,price_per_sqm,city_enc,location_enc,predicted_price,error,error_pct,price_range
A001,6,-101,3,1,1,3,1,1,1,1,0,0,0,0,180,Amman,Marj Al Hammam,0,0,639.0,115020.0,0,1,9,3,639.0,1,59,114320.53932005774,699.4606799422618,0.61,80K-120K
A002,6,-102,3,1,1,3,1,1,1,0,1,0,0,1,181,Amman,Marj Al Hammam,0,0,652.0,118012.0,0,1,9,4,652.0,1,59,114848.57609570351,3163.423904296491,2.68,80K-120K
A003,6,101,3,1,1,3,1,1,1,1,0,0,0,0,181,Amman,Marj Al Hammam,0,0,604.0,109324.0,1,0,9,3,604.0,1,59,114149.86762859877,-4825.867628598775,-4.41,80K-120K
A004,6,102,3,1,1,3,1,1,1,1,0,0,0,0,183,Amman,Marj Al Hammam,0,0,623.0,114009.0,1,0,9,3,623.0,1,59,114260.68735231968,-251.68735231968458,-0.22,80K-120K
A005,6,111,3,1,1,3,1,1,1,0,0,0,0,1,184,Amman,Marj Al Hammam,0,0,598.0,110032.0,1,0,9,3,598.0,1,59,110764.33890970961,-732.3389097096078,-0.67,80K-120K
A006,6,112,3,1,1,3,1,1,1,0,0,0,0,1,185,Amman,Marj Al Hammam,0,0,596.0,110260.0,1,0,9,3,596.0,1,59,112486.32600925231,-2226.3260092523124,-2.02,80K-120K
A007,5,121,3,1,1,3,1,1,1,0,0,0,0,1,186,Amman,Marj Al Hammam,0,0,602.0,111972.0,1,0,9,3,602.0,1,59,104917.27159301267,7054.728406987328,6.3,80K-120K
A008,6,122,3,1,1,3,1,1,1,0,0,0,0,1,187,Amman,Marj Al Hammam,0,0,535.0,100045.0,1,0,9,3,535.0,1,59,104136.3861107858,-4091.3861107857956,-4.09,80K-120K
A009,6,131,3,1,1,4,1,1,1,1,0,1,1,1,260,Amman,Marj Al Hammam,0,0,481.0,125060.0,1,0,10,6,481.0,1,59,124418.50646211601,641.4935378839873,0.51,120K-180K
A010,6,132,3,1,1,4,1,1,1,1,0,1,0,1,260,Amman,Marj Al Hammam,0,0,404.0,105040.0,1,0,10,5,404.0,1,59,110118.45808726463,-5078.458087264633,-4.83,80K-120K
A011,5,-101,3,1,1,4,1,1,1,0,1,0,0,0,208,Amman,Marj Al Hammam,0,0,673.0,139984.0,0,1,10,3,673.0,1,59,120051.1793899587,19932.820610041294,14.24,120K-180K
A012,5,-102,3,1,1,4,1,1,1,1,0,0,0,0,210,Amman,Marj Al Hammam,0,0,595.0,124950.0,0,1,10,3,595.0,1,59,115061.47760468621,9888.52239531379,7.91,120K-180K
A013,5,101,3,1,1,4,1,1,1,1,0,0,0,0,216,Amman,Marj Al Hammam,0,0,648.0,139968.0,1,0,10,3,648.0,1,59,131774.5817479995,8193.418252000498,5.85,120K-180K
A014,5,102,3,1,1,4,1,1,1,1,0,0,0,0,215,Amman,Marj Al Hammam,0,0,628.0,135020.0,1,0,10,3,628.0,1,59,131774.5817479995,3245.418252000498,2.4,120K-180K
A015,5,111,3,1,1,4,1,1,1,0,0,0,0,1,216,Amman,Marj Al Hammam,0,0,542.0,117072.0,1,0,10,3,542.0,1,59,118736.65307096216,-1664.6530709621584,-1.42,80K-120K
A016,5,112,3,1,1,4,1,1,1,0,0,0,0,1,215,Amman,Marj Al Hammam,0,0,549.0,118035.0,1,0,10,3,549.0,1,59,118736.65307096216,-701.6530709621584,-0.59,80K-120K
A017,5,121,3,1,1,4,1,1,1,0,0,0,0,1,216,Amman,Marj Al Hammam,0,0,546.0,117936.0,1,0,10,3,546.0,1,59,118736.65307096216,-800.6530709621584,-0.68,80K-120K
A018,5,122,3,1,1,4,1,1,1,0,0,0,0,1,215,Amman,Marj Al Hammam,0,0,540.0,116100.0,1,0,10,3,540.0,1,59,118736.65307096216,-2636.6530709621584,-2.27,80K-120K
A019,5,131,4,1,1,5,1,1,1,0,0,1,1,1,259,Amman,Marj Al Hammam,0,0,541.0,140119.0,1,0,12,5,541.0,1,59,139589.39314207013,529.6068579298735,0.38,120K-180K
A020,5,132,3,1,1,5,1,1,1,1,0,1,1,1,262,Amman,Marj Al Hammam,0,0,531.0,139122.0,1,0,11,6,531.0,1,59,133111.50584660392,6010.494153396081,4.32,120K-180K
A021,7,-101,3,1,1,5,1,1,1,0,1,0,0,0,229,Amman,Marj Al Hammam,0,0,603.0,138087.0,0,1,11,3,603.0,1,59,143338.01159374762,-5251.011593747622,-3.8,120K-180K
A022,7,101,3,1,1,5,1,1,1,1,0,0,0,0,220,Amman,Marj Al Hammam,0,0,591.0,130020.0,1,0,11,3,591.0,1,59,130437.85811121012,-417.85811121012375,-0.32,120K-180K
A023,7,102,3,1,1,4,1,1,1,1,0,0,0,0,185,Amman,Marj Al Hammam,0,0,676.0,125060.0,1,0,10,3,676.0,1,59,118968.28162596087,6091.718374039134,4.87,120K-180K
A024,7,111,3,1,1,5,1,1,1,0,0,0,0,1,220,Amman,Marj Al Hammam,0,0,532.0,117040.0,1,0,11,3,532.0,1,59,118782.24539250681,-1742.2453925068112,-1.49,80K-120K
A025,7,112,3,1,1,4,1,1,1,0,0,0,0,1,185,Amman,Marj Al Hammam,0,0,560.0,103600.0,1,0,10,3,560.0,1,59,110996.0591569562,-7396.059156956195,-7.14,80K-120K
A026,7,121,3,1,1,5,1,1,1,0,0,0,0,1,220,Amman,Marj Al Hammam,0,0,546.0,120120.0,1,0,11,3,546.0,1,59,118782.24539250681,1337.7546074931888,1.11,120K-180K
A027,7,122,3,1,1,4,1,1,1,0,0,0,0,1,185,Amman,Marj Al Hammam,0,0,568.0,105080.0,1,0,10,3,568.0,1,59,110996.0591569562,-5916.059156956195,-5.63,80K-120K
A028,7,131,4,3,1,6,1,1,1,1,0,1,1,1,220,Amman,Marj Al Hammam,0,0,545.0,119900.0,1,0,15,6,545.0,1,59,120055.37353257238,-155.37353257238283,-0.13,80K-120K
A029,7,132,4,3,1,5,1,1,1,1,0,1,0,1,185,Amman,Marj Al Hammam,0,0,595.0,110075.0,1,0,14,5,595.0,1,59,111534.05776535335,-1459.0577653533546,-1.33,80K-120K
A030,8,-101,4,1,1,4,1,1,1,0,1,0,0,0,220,Amman,Marj Al Hammam,0,0,636.0,139920.0,0,1,11,3,636.0,1,59,184447.33451501897,-44527.33451501897,-31.82,120K-180K
A031,8,101,4,1,1,4,1,1,1,1,0,0,0,1,220,Amman,Marj Al Hammam,0,0,705.0,155100.0,1,0,11,4,705.0,1,59,124638.21030334278,30461.789696657215,19.64,120K-180K
A032,8,102,3,1,1,3,1,1,1,1,0,0,0,0,185,Amman,Marj Al Hammam,0,0,784.0,145040.0,1,0,9,3,784.0,1,59,122474.66428572997,22565.335714270026,15.56,120K-180K
A033,8,111,4,1,1,4,1,1,1,0,0,0,0,1,220,Amman,Marj Al Hammam,0,0,542.0,119240.0,1,0,11,3,542.0,1,59,122931.37488132298,-3691.374881322976,-3.1,80K-120K
A034,8,112,3,1,1,3,1,1,1,0,0,0,0,1,185,Amman,Marj Al Hammam,0,0,700.0,129500.0,1,0,9,3,700.0,1,59,119390.63594020253,10109.364059797474,7.81,120K-180K
A035,8,121,4,1,1,4,1,1,1,0,0,0,0,1,220,Amman,Marj Al Hammam,0,0,614.0,135080.0,1,0,11,3,614.0,1,59,122931.37488132298,12148.625118677024,8.99,120K-180K
A036,8,122,3,1,1,3,1,1,1,0,0,0,0,1,185,Amman,Marj Al Hammam,0,0,703.0,130055.0,1,0,9,3,703.0,1,59,119390.63594020253,10664.364059797474,8.2,120K-180K
A037,8,131,4,3,1,4,1,1,1,0,0,1,0,1,220,Amman,Marj Al Hammam,0,0,591.0,130020.0,1,0,13,4,591.0,1,59,127764.32189523712,2255.6781047628756,1.73,120K-180K
A038,8,132,3,3,1,3,1,1,1,0,0,1,1,1,200,Amman,Marj Al Hammam,0,0,692.0,138400.0,1,0,11,5,692.0,1,59,134092.44729395982,4307.55270604018,3.11,120K-180K
A039,11,-101,3,1,1,4,1,1,1,1,0,0,1,0,360,Amman,Marj Al Hammam,0,0,491.0,176760.0,0,1,10,4,491.0,1,59,172992.10593046466,3767.8940695353376,2.13,120K-180K
A040,11,-102,3,1,1,3,1,1,1,0,1,0,0,0,190,Amman,Marj Al Hammam,0,0,605.0,114950.0,0,1,9,3,605.0,1,59,107245.60711271042,7704.392887289578,6.7,80K-120K
A041,11,101,3,1,1,3,1,1,1,1,0,0,0,0,190,Amman,Marj Al Hammam,0,0,612.0,116280.0,1,0,9,3,612.0,1,59,111520.76091696903,4759.239083030974,4.09,80K-120K
A042,11,102,3,1,1,3,1,1,1,1,0,0,0,0,195,Amman,Marj Al Hammam,0,0,600.0,117000.0,1,0,9,3,600.0,1,59,113786.11244664516,3213.8875533548417,2.75,80K-120K
A043,11,111,3,1,1,3,1,1,1,1,0,0,0,1,190,Amman,Marj Al Hammam,0,0,530.0,100700.0,1,0,9,4,530.0,1,59,106548.00941271204,-5848.009412712039,-5.81,80K-120K
A044,11,112,3,1,1,3,1,1,1,0,0,0,0,1,195,Amman,Marj Al Hammam,0,0,560.0,109200.0,1,0,9,3,560.0,1,59,109759.52808810219,-559.5280881021899,-0.51,80K-120K
A045,11,121,3,1,1,3,1,1,1,1,0,0,0,1,190,Amman,Marj Al Hammam,0,0,521.0,98990.0,1,0,9,4,521.0,1,59,106548.00941271204,-7558.009412712039,-7.64,80K-120K
A046,11,122,3,1,1,3,1,1,1,0,0,0,0,1,195,Amman,Marj Al Hammam,0,0,602.0,117390.0,1,0,9,3,602.0,1,59,109759.52808810219,7630.47191189781,6.5,80K-120K
A047,11,131,3,3,1,3,1,1,1,0,0,0,0,1,190,Amman,Marj Al Hammam,0,0,553.0,105070.0,1,0,11,3,553.0,1,59,108770.48971484217,-3700.4897148421733,-3.52,80K-120K
A048,11,132,3,3,1,3,1,1,1,0,0,0,0,1,195,Amman,Marj Al Hammam,0,0,539.0,105105.0,1,0,11,3,539.0,1,59,110047.70114345859,-4942.7011434585875,-4.7,80K-120K
A049,8,-101,3,1,1,3,1,1,0,0,1,0,0,0,195,Amman,Marj Al Hammam,0,0,564.0,109980.0,0,1,9,2,564.0,1,59,109444.86919956854,535.1308004314633,0.49,80K-120K
A050,8,101,3,1,1,3,1,1,1,1,0,0,0,0,195,Amman,Marj Al Hammam,0,0,574.0,111930.0,1,0,9,3,574.0,1,59,113617.93157804955,-1687.9315780495526,-1.51,80K-120K
A051,8,102,3,1,1,3,1,1,1,1,1,0,0,0,195,Amman,Marj Al Hammam,0,0,597.0,116415.0,1,0,9,4,597.0,1,59,118230.7830327725,-1815.783032772495,-1.56,80K-120K
A052,8,111,3,1,1,3,1,1,1,0,0,0,0,1,195,Amman,Marj Al Hammam,0,0,533.0,103935.0,1,0,9,3,533.0,1,59,109743.73901021038,-5808.739010210382,-5.59,80K-120K
A053,8,112,3,1,1,3,1,1,1,0,0,0,0,1,195,Amman,Marj Al Hammam,0,0,538.0,104910.0,1,0,9,3,538.0,1,59,109743.73901021038,-4833.739010210382,-4.61,80K-120K
A054,8,121,3,1,1,3,1,1,1,0,0,0,0,1,195,Amman,Marj Al Hammam,0,0,533.0,103935.0,1,0,9,3,533.0,1,59,109743.73901021038,-5808.739010210382,-5.59,80K-120K
A055,8,122,3,1,1,3,1,1,1,0,0,0,0,1,195,Amman,Marj Al Hammam,0,0,528.0,102960.0,1,0,9,3,528.0,1,59,109743.73901021038,-6783.739010210382,-6.59,80K-120K
A056,8,131,3,3,1,3,1,1,1,0,0,0,0,1,195,Amman,Marj Al Hammam,0,0,540.0,105300.0,1,0,11,3,540.0,1,59,110031.91206556678,-4731.912065566779,-4.49,80K-120K
A057,8,132,3,3,1,3,1,1,1,1,0,0,0,1,195,Amman,Marj Al Hammam,0,0,590.0,115050.0,1,0,11,4,590.0,1,59,114546.49255546366,503.5074445363425,0.44,80K-120K
A058,3,-101,3,1,1,3,1,1,0,1,0,0,0,0,168,Amman,Marj Al Hammam,0,0,685.0,115080.0,0,1,9,2,685.0,1,59,105820.27625428746,9259.723745712545,8.05,80K-120K
A059,3,-102,3,1,1,3,1,1,0,1,0,0,0,0,168,Amman,Marj Al Hammam,0,0,625.0,105000.0,0,1,9,2,625.0,1,59,105820.27625428746,-820.2762542874552,-0.78,80K-120K
A060,3,101,3,1,1,2,1,1,0,1,0,0,0,0,168,Amman,Marj Al Hammam,0,0,672.0,112896.0,1,0,8,2,672.0,1,59,111049.5652081643,1846.4347918356943,1.64,80K-120K
A061,3,102,3,1,1,3,1,1,1,1,0,0,0,1,177,Amman,Marj Al Hammam,0,0,557.0,98589.0,1,0,9,4,557.0,1,59,100855.36743627772,-2266.3674362777238,-2.3,80K-120K
A062,3,111,3,1,1,3,1,1,0,0,0,0,0,1,168,Amman,Marj Al Hammam,0,0,540.0,90720.0,1,0,9,2,540.0,1,59,94941.73513098928,-4221.735130989284,-4.65,80K-120K
A063,3,112,4,1,1,3,1,1,0,0,0,0,0,1,176,Amman,Marj Al Hammam,0,0,533.0,93808.0,1,0,10,2,533.0,1,59,94201.58811976062,-393.58811976062134,-0.42,80K-120K
A064,3,121,3,1,1,3,1,1,0,0,0,0,0,1,168,Amman,Marj Al Hammam,0,0,548.0,92064.0,1,0,9,2,548.0,1,59,94941.73513098928,-2877.735130989284,-3.13,80K-120K
A065,3,122,3,1,1,3,1,1,1,0,0,0,0,1,176,Amman,Marj Al Hammam,0,0,540.0,95040.0,1,0,9,3,540.0,1,59,95121.75862095476,-81.75862095475895,-0.09,80K-120K
A066,3,131,3,3,1,4,1,1,0,1,0,1,1,1,213,Amman,Marj Al Hammam,0,0,516.0,109908.0,1,0,12,5,516.0,1,59,111155.96196427208,-1247.961964272079,-1.14,80K-120K
A067,3,132,3,3,1,4,1,1,0,1,0,1,0,1,223,Amman,Marj Al Hammam,0,0,538.0,119974.0,1,0,12,4,538.0,1,59,122426.39829269762,-2452.398292697617,-2.04,80K-120K
A068,2,-101,3,1,1,3,1,1,1,1,0,0,0,0,202,Amman,Marj Al Hammam,0,0,545.0,110090.0,0,1,9,3,545.0,1,59,110303.4208423054,-213.4208423053933,-0.19,80K-120K
A069,2,-102,3,1,1,3,1,1,1,0,1,0,0,0,202,Amman,Marj Al Hammam,0,0,594.0,119988.0,0,1,9,3,594.0,1,59,114503.11908241487,5484.880917585135,4.57,80K-120K
A070,2,101,3,1,1,3,1,1,1,1,0,0,0,0,202,Amman,Marj Al Hammam,0,0,600.0,121200.0,1,0,9,3,600.0,1,59,112821.6932563263,8378.306743673704,6.91,120K-180K
A071,2,102,3,1,1,3,1,1,1,1,0,0,0,0,202,Amman,Marj Al Hammam,0,0,569.0,114938.0,1,0,9,3,569.0,1,59,112821.6932563263,2116.3067436737037,1.84,80K-120K
A072,2,111,3,1,1,3,1,1,1,0,0,0,0,1,202,Amman,Marj Al Hammam,0,0,470.0,94940.0,1,0,9,3,470.0,1,59,108664.74913979394,-13724.749139793945,-14.46,80K-120K
A073,2,112,3,1,1,3,1,1,1,0,0,0,0,1,202,Amman,Marj Al Hammam,0,0,475.0,95950.0,1,0,9,3,475.0,1,59,108664.74913979394,-12714.749139793945,-13.25,80K-120K
A074,2,121,3,1,1,3,1,1,1,0,0,0,0,1,202,Amman,Marj Al Hammam,0,0,479.0,96758.0,1,0,9,3,479.0,1,59,108664.74913979394,-11906.749139793945,-12.31,80K-120K
A075,2,122,3,1,1,3,1,1,1,0,0,0,0,1,202,Amman,Marj Al Hammam,0,0,480.0,96960.0,1,0,9,3,480.0,1,59,108664.74913979394,-11704.749139793945,-12.07,80K-120K
A076,2,131,3,1,1,4,1,1,1,1,0,1,1,1,243,Amman,Marj Al Hammam,0,0,470.0,114210.0,1,0,10,6,470.0,1,59,122287.48785921717,-8077.4878592171735,-7.07,80K-120K
A077,2,132,3,1,1,4,1,1,1,1,0,1,0,1,243,Amman,Marj Al Hammam,0,0,473.0,114939.0,1,0,10,5,473.0,1,59,123560.47599673159,-8621.475996731591,-7.5,80K-120K
A078,3,-101,4,1,1,3,1,1,1,1,0,0,0,0,240,Amman,Airport Street,0,0,417.0,100080.0,0,1,10,3,417.0,1,8,226070.48205705563,-125990.48205705563,-125.89,80K-120K
A079,3,101,3,1,1,3,1,1,1,1,0,0,0,0,158,Amman,Airport Street,0,0,443.0,69994.0,1,0,9,3,443.0,1,8,79629.36742024646,-9635.36742024646,-13.77,50K-80K
A080,3,102,2,1,0,2,1,1,0,1,0,0,0,0,110,Amman,Airport Street,0,0,591.0,65010.0,1,0,6,2,591.0,1,8,58125.15223295136,6884.847767048639,10.59,50K-80K
A081,3,102,3,1,1,3,1,1,1,1,1,0,0,0,160,Amman,Airport Street,0,0,500.0,80000.0,1,0,9,4,500.0,1,8,81556.49506294377,-1556.4950629437662,-1.95,50K-80K
A082,3,111,3,1,1,3,1,1,1,0,0,0,0,1,158,Amman,Airport Street,0,0,506.0,79948.0,1,0,9,3,506.0,1,8,77876.41434239714,2071.58565760286,2.59,50K-80K
A083,3,112,2,1,0,2,1,0,0,0,0,0,0,1,110,Amman,Airport Street,0,0,600.0,66000.0,1,0,6,1,600.0,1,8,63088.590906559264,2911.409093440736,4.41,50K-80K
A084,3,113,2,1,1,3,1,1,1,0,0,0,0,1,160,Amman,Airport Street,0,0,438.0,70080.0,1,0,8,3,438.0,1,8,82654.34075917602,-12574.340759176019,-17.94,50K-80K
A085,4,121,1,1,1,3,1,1,1,0,0,0,0,1,158,Amman,Airport Street,0,0,520.0,82160.0,1,0,7,3,520.0,1,8,80073.09027414712,2086.909725852878,2.54,80K-120K
A086,3,122,2,1,1,2,1,0,0,0,0,0,0,0,110,Amman,Airport Street,0,0,460.0,50600.0,1,0,7,0,460.0,1,8,51785.42407763603,-1185.4240776360311,-2.34,50K-80K
A087,3,123,3,1,1,3,1,1,1,1,0,0,0,1,170,Amman,Airport Street,0,0,500.0,85000.0,1,0,9,4,500.0,1,8,87521.99620636077,-2521.9962063607672,-2.97,80K-120K
A088,3,131,4,1,1,3,1,1,1,1,0,1,0,1,200,Amman,Airport Street,0,0,600.0,120000.0,1,0,10,5,600.0,1,8,116764.66302017383,3235.33697982617,2.7,80K-120K
A089,3,132,2,1,0,2,1,0,0,0,0,1,0,1,110,Amman,Airport Street,0,0,650.0,71500.0,1,0,6,2,650.0,1,8,68162.22875742208,3337.7712425779173,4.67,50K-80K
A090,3,133,4,1,1,3,1,1,1,1,0,1,1,1,200,Amman,Airport Street,0,0,610.0,122000.0,1,0,10,6,610.0,1,8,122395.9061921765,-395.9061921764951,-0.32,120K-180K
A091,3,-101,3,1,1,3,1,1,1,0,1,0,0,0,180,Amman,Airport Street,0,0,695.0,125100.0,0,1,9,3,695.0,1,8,121737.24410997618,3362.755890023822,2.69,120K-180K
A092,3,-102,3,1,1,3,1,1,1,0,1,0,0,1,190,Amman,Airport Street,0,0,684.0,129960.0,0,1,9,4,684.0,1,8,133590.8881803006,-3630.8881803005934,-2.79,120K-180K
A093,3,-201,3,1,1,3,1,1,1,0,0,0,0,1,180,Amman,Airport Street,0,0,666.0,119880.0,0,1,9,3,666.0,1,8,118718.64752272547,1161.3524772745295,0.97,80K-120K
A094,3,-202,3,1,1,3,1,1,1,0,0,0,0,1,190,Amman,Airport Street,0,0,679.0,129010.0,0,1,9,3,679.0,1,8,123552.53515835622,5457.464841643785,4.23,120K-180K
A095,3,-301,3,1,1,3,1,1,1,0,1,0,0,0,230,Amman,Airport Street,0,0,652.0,149960.0,0,1,9,3,652.0,1,8,153642.74484019552,-3682.744840195519,-2.46,120K-180K
A096,3,101,3,1,1,3,1,1,1,0,1,0,0,1,180,Amman,Airport Street,0,0,833.0,149940.0,1,0,9,4,833.0,1,8,142862.40914626527,7077.590853734728,4.72,120K-180K
A097,3,102,3,1,1,3,1,1,1,0,1,0,0,1,190,Amman,Airport Street,0,0,826.0,156940.0,1,0,9,4,826.0,1,8,149218.1182790139,7721.881720986101,4.92,120K-180K
A098,3,111,3,1,1,3,1,1,1,0,0,0,0,1,180,Amman,Airport Street,0,0,800.0,144000.0,1,0,9,3,800.0,1,8,117530.56331822572,26469.436681774285,18.38,120K-180K
A099,3,112,3,1,1,3,1,1,1,0,0,0,0,1,190,Amman,Airport Street,0,0,700.0,133000.0,1,0,9,3,700.0,1,8,132686.38864992553,313.61135007446865,0.24,120K-180K
A100,3,121,3,1,1,3,1,1,1,0,0,0,0,1,180,Amman,Airport Street,0,0,750.0,135000.0,1,0,9,3,750.0,1,8,117530.56331822572,17469.436681774285,12.94,120K-180K
A101,3,122,3,1,1,3,1,1,1,0,0,0,0,1,190,Amman,Airport Street,0,0,800.0,152000.0,1,0,9,3,800.0,1,8,132686.38864992553,19313.61135007447,12.71,120K-180K
A102,3,131,4,1,1,4,1,1,1,1,0,1,1,1,240,Amman,Airport Street,0,0,850.0,204000.0,1,0,11,6,850.0,1,8,165262.616177892,38737.38382210801,18.99,Above 180K
A103,3,132,4,1,1,4,1,1,1,0,0,1,0,1,250,Amman,Airport Street,0,0,848.0,212000.0,1,0,11,4,848.0,1,8,206099.8268981693,5900.173101830704,2.78,Above 180K
A104,1,-101,3,1,1,3,1,0,0,0,0,0,0,0,165,Amman,Dair Ghbar,0,0,480.0,79200.0,0,1,9,0,480.0,1,42,76695.34435792558,2504.6556420744164,3.16,50K-80K
A105,1,-102,3,1,1,3,1,1,0,0,0,0,0,0,180,Amman,Dair Ghbar,0,0,472.0,84960.0,0,1,9,1,472.0,1,42,106951.92030990103,-21991.920309901034,-25.89,80K-120K
A106,1,101,3,1,1,3,1,1,1,1,1,0,0,0,180,Amman,Dair Ghbar,0,0,611.0,109980.0,1,0,9,4,611.0,1,42,113308.38910749328,-3328.3891074932762,-3.03,80K-120K
A107,1,102,3,1,1,3,1,1,1,1,0,0,0,0,200,Amman,Dair Ghbar,0,0,590.0,118000.0,1,0,9,3,590.0,1,42,114591.82819165688,3408.1718083431188,2.89,80K-120K
A108,1,111,3,1,1,3,1,1,1,0,0,0,0,1,180,Amman,Dair Ghbar,0,0,556.0,100080.0,1,0,9,3,556.0,1,42,105376.5007379743,-5296.500737974304,-5.29,80K-120K
A109,1,112,3,1,1,3,1,1,1,0,0,0,0,1,195,Amman,Dair Ghbar,0,0,544.0,106080.0,1,0,9,3,544.0,1,42,111705.0005552291,-5625.000555229097,-5.3,80K-120K
A110,1,121,3,1,1,3,1,1,1,0,0,0,0,1,170,Amman,Dair Ghbar,0,0,555.0,94350.0,1,0,9,3,555.0,1,42,87108.50401284783,7241.495987152171,7.68,80K-120K
A111,1,122,3,1,1,3,1,1,1,0,0,0,0,1,195,Amman,Dair Ghbar,0,0,544.0,106080.0,1,0,9,3,544.0,1,42,111705.0005552291,-5625.000555229097,-5.3,80K-120K
A112,1,131,4,1,1,4,1,1,1,0,0,1,1,1,245,Amman,Dair Ghbar,0,0,654.0,160230.0,1,0,11,5,654.0,1,42,155642.26011580808,4587.73988419192,2.86,120K-180K
A113,1,132,4,1,1,4,1,1,1,1,0,1,0,1,265,Amman,Dair Ghbar,0,0,623.0,165095.0,1,0,11,5,623.0,1,42,161934.68892784277,3160.3110721572302,1.91,120K-180K
A114,3,-101,3,1,1,3,1,1,1,0,1,0,0,0,190,Amman,Qaryet Alnakhil,0,0,447.0,84930.0,0,1,9,3,447.0,1,66,95032.69967609213,-10102.699676092132,-11.9,80K-120K
A115,9,101,3,1,1,3,1,1,1,0,0,0,0,0,140,Amman,Qaryet Alnakhil,0,0,596.0,83440.0,1,0,9,2,596.0,1,66,73275.75331929799,10164.24668070201,12.18,80K-120K
A116,3,102,3,1,1,3,1,1,1,1,0,0,0,0,155,Amman,Qaryet Alnakhil,0,0,581.0,90055.0,1,0,9,3,581.0,1,66,95096.12563491293,-5041.125634912925,-5.6,80K-120K
A117,3,111,3,1,1,3,1,1,0,0,0,0,0,1,140,Amman,Qaryet Alnakhil,0,0,536.0,75040.0,1,0,9,2,536.0,1,66,73704.9992237021,1335.000776297893,1.78,50K-80K
A118,3,112,3,1,1,3,1,1,1,0,0,0,0,1,155,Amman,Qaryet Alnakhil,0,0,535.0,82925.0,1,0,9,3,535.0,1,66,81064.25236646025,1860.7476335397514,2.24,80K-120K
A119,3,121,3,1,1,3,1,1,0,0,0,0,0,1,145,Amman,Qaryet Alnakhil,0,0,536.0,77720.0,1,0,9,2,536.0,1,66,73704.9992237021,4015.000776297893,5.17,50K-80K
A120,3,122,3,1,1,3,1,1,1,0,0,0,0,1,160,Amman,Qaryet Alnakhil,0,0,535.0,85600.0,1,0,9,3,535.0,1,66,84081.52439355872,1518.4756064412795,1.77,80K-120K
A121,3,131,4,1,1,4,1,1,1,0,0,1,0,1,190,Amman,Qaryet Alnakhil,0,0,553.0,105070.0,1,0,11,4,553.0,1,66,107633.86098057301,-2563.8609805730084,-2.44,80K-120K
A122,3,132,4,1,1,4,1,1,1,1,0,1,1,1,205,Amman,Qaryet Alnakhil,0,0,546.0,111930.0,1,0,11,6,546.0,1,66,112022.21990433318,-92.21990433317842,-0.08,80K-120K
A123,2,-101,3,1,1,3,1,1,1,0,0,0,0,0,172,Amman,Marj Al Hammam,0,0,494.0,84968.0,0,1,9,2,494.0,1,59,88864.50845788886,-3896.5084578888636,-4.59,80K-120K
A124,2,-102,3,1,1,3,1,1,1,1,0,0,0,0,189,Amman,Marj Al Hammam,0,0,467.0,88263.0,0,1,9,3,467.0,1,59,95590.29679807986,-7327.296798079857,-8.3,80K-120K
A125,2,101,3,1,1,3,1,1,1,1,1,0,0,0,172,Amman,Marj Al Hammam,0,0,640.0,110080.0,1,0,9,4,640.0,1,59,104676.74221214709,5403.257787852912,4.91,80K-120K
A126,2,102,3,1,1,3,1,1,1,1,1,0,0,0,182,Amman,Marj Al Hammam,0,0,659.0,119938.0,1,0,9,4,659.0,1,59,116399.78696634305,3538.2130336569535,2.95,80K-120K
A127,2,111,3,1,1,3,1,1,1,0,0,0,0,1,179,Amman,Marj Al Hammam,0,0,560.0,100240.0,1,0,9,3,560.0,1,59,107472.62603967816,-7232.626039678158,-7.22,80K-120K
A128,2,112,3,1,1,3,1,1,1,0,0,0,0,1,181,Amman,Marj Al Hammam,0,0,610.0,110410.0,1,0,9,3,610.0,1,59,108682.98783948983,1727.012160510174,1.56,80K-120K
A129,2,121,4,1,1,3,1,1,1,0,0,0,0,1,179,Amman,Marj Al Hammam,0,0,566.0,101314.0,1,0,10,3,566.0,1,59,109323.58727645947,-8009.587276459468,-7.91,80K-120K
A130,2,122,3,1,1,3,1,1,1,0,0,0,0,1,182,Amman,Marj Al Hammam,0,0,604.0,109928.0,1,0,9,3,604.0,1,59,108793.80756321074,1134.1924367892643,1.03,80K-120K
A131,2,131,4,1,1,4,1,1,1,1,0,1,1,1,227,Amman,Marj Al Hammam,0,0,617.0,140059.0,1,0,11,6,617.0,1,59,136225.45391288755,3833.5460871124524,2.74,120K-180K
A132,2,132,4,1,1,4,1,1,1,0,0,1,0,1,249,Amman,Marj Al Hammam,0,0,610.0,151890.0,1,0,11,4,610.0,1,59,146575.39460218497,5314.60539781503,3.5,120K-180K
A133,4,-101,2,1,0,2,1,1,0,0,0,0,0,0,117,Madaba,Al Fasisaliyeh,0,0,487.0,56979.0,0,1,6,1,487.0,5,14,52811.5210970862,4167.478902913797,7.31,50K-80K
A134,4,101,2,1,1,3,1,1,0,1,0,0,0,0,130,Madaba,Al Fasisaliyeh,0,0,620.0,80600.0,1,0,8,2,620.0,5,14,77055.88916067129,3544.110839328714,4.4,80K-120K
A135,4,102,2,1,1,3,1,1,0,1,1,0,0,0,135,Madaba,Al Fasisaliyeh,0,0,610.0,82350.0,1,0,8,3,610.0,5,14,83691.99867093097,-1341.9986709309742,-1.63,80K-120K
A136,4,111,2,1,1,3,1,1,0,0,0,0,0,1,125,Madaba,Al Fasisaliyeh,0,0,520.0,65000.0,1,0,8,2,520.0,5,14,62460.401644198275,2539.598355801725,3.91,50K-80K
A137,4,112,2,1,1,3,1,1,0,0,0,0,0,1,135,Madaba,Al Fasisaliyeh,0,0,520.0,70200.0,1,0,8,2,520.0,5,14,69559.39468256506,640.6053174349363,0.91,50K-80K
A138,4,121,2,1,1,3,1,1,0,0,0,0,0,1,125,Madaba,Al Fasisaliyeh,0,0,520.0,65000.0,1,0,8,2,520.0,5,14,62460.401644198275,2539.598355801725,3.91,50K-80K
A139,4,122,2,1,1,3,1,1,0,0,0,0,0,1,140,Madaba,Al Fasisaliyeh,0,0,519.0,72660.0,1,0,8,2,519.0,5,14,69559.39468256506,3100.6053174349363,4.27,50K-80K
A140,4,131,2,1,1,3,1,1,0,0,0,0,0,1,125,Madaba,Al Fasisaliyeh,0,0,536.0,67000.0,1,0,8,2,536.0,5,14,62460.401644198275,4539.598355801725,6.78,50K-80K
A141,4,132,2,1,1,3,1,1,0,0,0,0,0,1,135,Madaba,Al Fasisaliyeh,0,0,540.0,72900.0,1,0,8,2,540.0,5,14,69559.39468256506,3340.6053174349363,4.58,50K-80K
A142,3,-101,3,1,1,3,1,1,1,0,0,0,0,0,125,Amman,Abu Alanda,1,1,400.0,50000.0,0,1,9,2,400.0,1,4,49810.585461019946,189.4145389800542,0.38,Under 50K
A143,3,101,3,1,1,3,1,1,1,0,0,0,0,1,138,Amman,Abu Alanda,0,0,449.0,62000.0,1,0,9,3,449.28,1,4,59179.84331685666,2820.1566831433374,4.55,50K-80K
A144,6,131,3,1,1,2,1,1,0,0,0,1,0,1,180,Amman,Abu Alanda,0,0,361.0,65000.0,1,0,8,3,361.11,1,4,66342.3701212264,-1342.3701212263986,-2.07,50K-80K
A145,3,-101,3,1,1,3,1,0,0,0,0,0,0,0,150,Amman,Airport Street,0,0,480.0,72000.0,0,1,9,0,480.0,1,8,71032.80045532934,967.1995446706569,1.34,50K-80K
A146,3,-102,3,1,1,3,1,1,1,0,0,0,0,0,155,Amman,Airport Street,0,0,503.0,77965.0,0,1,9,2,503.0,1,8,74691.04283094723,3273.9571690527664,4.2,50K-80K
A147,3,101,3,1,1,3,1,1,1,1,1,0,0,1,180,Amman,Airport Street,0,0,555.0,99900.0,1,0,9,5,555.0,1,8,102769.62149848239,-2869.621498482389,-2.87,80K-120K
A148,3,102,3,1,1,3,1,1,1,1,1,0,0,1,185,Amman,Airport Street,0,0,566.0,104710.0,1,0,9,5,566.0,1,8,104916.46189277942,-206.46189277942176,-0.2,80K-120K
A149,3,111,3,1,1,3,1,1,1,0,0,0,0,1,175,Amman,Airport Street,0,0,512.0,89600.0,1,0,9,3,512.0,1,8,93957.42220542041,-4357.422205420415,-4.86,80K-120K
A150,3,112,3,1,1,3,1,1,1,0,0,0,0,1,180,Amman,Airport Street,0,0,530.0,95400.0,1,0,9,3,530.0,1,8,117530.56331822572,-22130.563318225715,-23.2,80K-120K
A151,3,121,3,1,1,3,1,1,1,0,0,0,0,1,175,Amman,Airport Street,0,0,520.0,91000.0,1,0,9,3,520.0,1,8,93957.42220542041,-2957.4222054204147,-3.25,80K-120K
A152,3,122,3,1,1,3,1,1,1,0,0,0,0,1,180,Amman,Airport Street,0,0,528.0,95040.0,1,0,9,3,528.0,1,8,117530.56331822572,-22490.563318225715,-23.66,80K-120K
A153,3,131,4,1,1,4,1,1,1,1,0,1,0,1,212,Amman,Airport Street,0,0,520.0,110240.0,1,0,11,5,520.0,1,8,112289.33721424258,-2049.3372142425796,-1.86,80K-120K
A154,3,132,4,1,1,4,1,1,1,0,0,1,0,1,210,Amman,Airport Street,0,0,530.0,111300.0,1,0,11,4,530.0,1,8,119777.2665655652,-8477.266565565194,-7.62,80K-120K
A155,6,-101,3,1,1,3,1,1,1,0,0,0,0,0,160,Amman,Marj Al Hammam,0,0,469.0,75040.0,0,1,9,2,469.0,1,59,78553.65119215193,-3513.651192151927,-4.68,50K-80K
A156,6,-102,3,1,1,3,1,0,0,0,0,0,0,0,145,Amman,Marj Al Hammam,0,0,448.0,64960.0,0,1,9,0,448.0,1,59,62903.01363473398,2056.9863652660206,3.17,50K-80K
A157,6,101,3,1,1,3,1,1,0,1,1,0,0,0,160,Amman,Marj Al Hammam,0,0,600.0,96000.0,1,0,9,3,600.0,1,59,90986.63389942999,5013.366100570012,5.22,80K-120K
A158,6,102,3,1,1,3,1,1,0,1,0,0,0,0,145,Amman,Marj Al Hammam,0,0,607.0,88015.0,1,0,9,2,607.0,1,59,88176.12742384126,-161.12742384125886,-0.18,80K-120K
A159,6,111,3,1,1,3,1,1,0,0,0,0,0,1,161,Amman,Marj Al Hammam,0,0,538.0,86618.0,1,0,9,2,538.0,1,59,80167.79675196027,6450.203248039732,7.45,80K-120K
A160,6,112,3,1,1,3,1,1,0,0,0,0,0,1,145,Amman,Marj Al Hammam,0,0,535.0,77575.0,1,0,9,2,535.0,1,59,74224.72198782545,3350.2780121745454,4.32,50K-80K
A161,6,121,3,1,1,3,1,1,0,0,0,0,0,1,160,Amman,Marj Al Hammam,0,0,538.0,86080.0,1,0,9,2,538.0,1,59,80167.79675196027,5912.203248039732,6.87,80K-120K
A162,6,122,3,1,1,3,1,1,0,0,0,0,0,1,140,Amman,Marj Al Hammam,0,0,535.0,74900.0,1,0,9,2,535.0,1,59,71340.1871486278,3559.812851372204,4.75,50K-80K
A163,6,131,4,1,1,4,1,1,1,0,0,1,0,1,215,Amman,Marj Al Hammam,0,0,550.0,118250.0,1,0,11,4,550.0,1,59,123542.16317789558,-5292.163177895578,-4.48,80K-120K
A164,6,132,4,1,1,4,1,1,1,0,0,1,0,1,205,Amman,Marj Al Hammam,0,0,546.0,111930.0,1,0,11,4,546.0,1,59,118753.18054252194,-6823.180542521935,-6.1,80K-120K
A165,5,-101,2,1,1,2,1,0,0,0,0,0,0,0,145,Amman,Abu Alanda,1,2,269.0,39000.0,0,1,7,0,268.97,1,4,39977.71331553625,-977.7133155362535,-2.51,Under 50K
A166,5,-102,3,1,1,3,1,0,0,0,0,0,0,0,155,Amman,Abu Alanda,1,2,271.0,42000.0,0,1,9,0,270.97,1,4,51755.94200928252,-9755.942009282517,-23.23,Under 50K
A167,5,111,2,1,1,2,1,0,0,0,0,0,0,1,145,Amman,Abu Alanda,1,2,310.0,45000.0,1,0,7,1,310.34,1,4,45676.42128905974,-676.421289059741,-1.5,Under 50K
A168,5,112,3,1,1,3,1,0,0,0,0,0,0,1,155,Amman,Abu Alanda,1,2,348.0,54000.0,1,0,9,1,348.39,1,4,54349.36718317576,-349.36718317576015,-0.65,50K-80K
A169,5,121,2,1,1,2,1,0,0,0,0,0,0,1,145,Amman,Abu Alanda,1,2,310.0,45000.0,1,0,7,1,310.34,1,4,45676.42128905974,-676.421289059741,-1.5,Under 50K
A170,5,122,3,1,1,3,1,0,0,0,0,0,0,1,155,Amman,Abu Alanda,1,2,348.0,54000.0,1,0,9,1,348.39,1,4,54349.36718317576,-349.36718317576015,-0.65,50K-80K
A171,5,131,4,1,1,4,1,1,0,0,0,1,0,1,200,Amman,Abu Alanda,1,2,375.0,75000.0,1,0,11,3,375.0,1,4,75509.253195941,-509.2531959409971,-0.68,50K-80K
A172,5,132,4,1,1,4,1,1,0,0,0,1,0,1,220,Amman,Abu Alanda,1,2,386.0,85000.0,1,0,11,3,386.36,1,4,87258.9592443869,-2258.959244386904,-2.66,80K-120K
A173,33,101,3,1,1,3,1,0,0,0,0,0,0,0,120,Zarqa,Zarqa Al Jaddedeh,0,0,141.0,16920.0,1,0,9,0,141.0,7,88,16388.72342317396,531.2765768260397,3.14,Under 50K
A174,17,102,3,1,1,3,1,1,0,0,0,0,0,0,120,Zarqa,Zarqa Al Jaddedeh,0,0,151.0,18120.0,1,0,9,1,151.0,7,88,21199.932571839574,-3079.932571839574,-17.0,Under 50K
A175,19,111,2,1,0,2,1,0,0,0,0,0,0,1,90,Zarqa,Zarqa Al Jaddedeh,0,0,146.0,13140.0,1,0,6,1,146.0,7,88,14351.941096775676,-1211.9410967756758,-9.22,Under 50K
A176,20,112,2,1,0,2,1,0,0,0,0,0,0,1,90,Zarqa,Zarqa Al Jaddedeh,0,0,131.0,11790.0,1,0,6,1,131.0,7,88,12205.601514874174,-415.6015148741735,-3.53,Under 50K
A177,23,121,2,1,0,1,1,0,0,0,0,0,0,1,80,Zarqa,Zarqa Al Jaddedeh,0,0,143.0,11440.0,1,0,5,1,143.0,7,88,12941.297034475496,-1501.2970344754958,-13.12,Under 50K
A178,17,122,2,1,0,2,1,1,0,0,0,0,0,1,90,Zarqa,Zarqa Al Jaddedeh,0,0,120.0,10800.0,1,0,6,2,120.0,7,88,12470.336993060482,-1670.3369930604822,-15.47,Under 50K
A179,1,101,3,1,1,3,1,1,1,0,0,0,0,0,132,Amman,Tlaa Al Ali,0,0,909.0,119988.0,1,0,9,2,909.0,1,79,110645.13081089074,9342.86918910926,7.79,80K-120K
A180,2,101,4,1,1,5,1,1,1,1,0,0,0,0,210,Amman,Jubeiha,0,0,605.0,127050.0,1,0,12,3,605.0,1,51,130312.14939863935,-3262.149398639347,-2.57,120K-180K
A181,3,101,4,1,1,4,1,1,1,0,1,0,1,0,210,Amman,Kursi,0,0,1238.0,259980.0,1,0,11,4,1238.0,1,55,256472.42234537416,3507.577654625842,1.35,Above 180K
A182,3,102,4,1,1,4,1,1,1,0,1,0,1,0,220,Amman,Kursi,0,0,1130.0,248600.0,1,0,11,4,1130.0,1,55,233404.41150089208,15195.588499107922,6.11,Above 180K
A183,3,111,3,1,1,2,1,1,1,0,0,0,0,1,160,Amman,Kursi,0,0,1030.0,164800.0,1,0,8,3,1030.0,1,55,125216.82153427174,39583.178465728255,24.02,120K-180K
A184,3,112,3,1,1,3,1,1,1,0,0,0,0,1,165,Amman,Kursi,0,0,1030.0,169950.0,1,0,9,3,1030.0,1,55,141058.88375055973,28891.116249440267,17.0,120K-180K
A185,3,132,4,1,1,4,1,1,1,1,0,1,1,0,235,Amman,Kursi,0,0,1130.0,265550.0,1,0,11,5,1130.0,1,55,198001.8978486542,67548.10215134581,25.44,Above 180K
A186,9,122,2,1,0,2,1,1,0,0,0,0,0,1,130,Amman,Shmesani,0,0,400.0,52000.0,1,0,6,2,400.0,1,75,55793.49593864741,-3793.4959386474075,-7.3,50K-80K
A187,15,122,2,1,0,1,1,0,0,0,0,0,0,1,70,Aqaba,Al Tasaa,1,2,500.0,35000.0,1,0,5,1,500.0,2,30,36237.55515448598,-1237.5551544859773,-3.54,Under 50K
A188,1,112,4,1,1,3,1,1,1,0,0,0,0,1,117,Aqaba,Al Tasaa,0,0,491.0,57447.0,1,0,10,3,491.0,2,30,53186.208002076324,4260.791997923676,7.42,50K-80K
A189,2,101,3,1,1,2,1,1,0,1,0,0,0,0,105,Aqaba,Al Tasaa,0,0,619.0,64995.0,1,0,8,2,619.0,2,30,64154.38666658824,840.6133334117621,1.29,50K-80K
A190,16,131,2,1,0,1,1,0,0,0,0,0,0,1,76,Aqaba,Al Khamseh,0,0,395.0,30020.0,1,0,5,1,395.0,2,16,28231.27619919374,1788.7238008062595,5.96,Under 50K
A191,6,103,3,1,1,2,1,1,1,0,0,0,0,0,110,Aqaba,Al Thaltha,0,0,300.0,33000.0,1,0,8,2,300.0,2,31,38953.08055459999,-5953.08055459999,-18.04,Under 50K
A192,10,121,3,1,1,3,1,1,1,0,0,0,0,0,150,Aqaba,Al Thamneh,1,3,393.0,58950.0,1,0,9,2,393.0,2,32,60213.35389086495,-1263.3538908649498,-2.14,50K-80K
A193,7,111,3,1,1,2,1,1,0,0,0,0,0,1,110,Aqaba,Al Thaltha,0,0,473.0,52030.0,1,0,8,2,473.0,2,31,38213.92253974684,13816.07746025316,26.55,50K-80K
A194,11,121,3,1,1,2,1,1,1,0,0,0,0,1,153,Aqaba,Al Khamseh,0,0,400.0,61200.0,1,0,8,3,400.0,2,16,56121.001121695976,5078.998878304024,8.3,50K-80K
A195,9,131,3,1,1,3,1,1,0,0,0,0,0,1,155,Aqaba,Al Thamneh,0,0,355.0,55025.0,1,0,9,2,355.0,2,32,56832.39051813101,-1807.390518131011,-3.28,50K-80K
A196,18,141,3,1,1,2,1,0,0,0,0,0,0,1,109,Aqaba,Al Shameyeh,0,0,174.0,18966.0,1,0,8,1,174.0,2,29,45979.2095016627,-27013.2095016627,-142.43,Under 50K
A197,11,111,4,1,0,3,1,1,1,0,0,0,0,0,105,Aqaba,Al Thaltha,1,3,460.0,48300.0,1,0,9,2,460.0,2,31,52264.93115583797,-3964.9311558379704,-8.21,Under 50K
A198,1,121,3,1,1,3,1,1,1,0,0,0,0,1,150,Zarqa,Madinat Al Sharq,0,0,333.0,49950.0,1,0,9,3,333.0,7,57,51732.168729975005,-1782.1687299750047,-3.57,Under 50K
A199,6,131,4,1,1,3,1,1,1,0,0,0,0,1,200,Zarqa,Al Batrawi,0,0,195.0,39000.0,1,0,10,3,195.0,7,12,45121.53770299943,-6121.537702999427,-15.7,Under 50K
A200,8,131,5,1,1,3,1,1,1,0,0,0,0,1,155,Karak,Moatah,0,0,226.0,35030.0,1,0,11,3,226.0,4,62,50998.48995540815,-15968.48995540815,-45.59,Under 50K
A201,16,131,3,1,0,1,1,0,0,0,0,0,0,0,90,Karak,Al Marj,0,0,130.0,11700.0,1,0,6,0,130.0,4,19,13177.065781469557,-1477.065781469557,-12.62,Under 50K
A202,9,122,4,1,1,2,1,1,0,0,0,0,0,1,121,Karak,Al Rabbeh,1,2,280.0,33880.0,1,0,9,2,280.0,4,24,39091.611892040724,-5211.611892040724,-15.38,Under 50K
A203,4,102,3,1,1,3,1,1,1,0,0,0,0,0,137,Amman,Tlaa Al Ali,0,0,693.0,94941.0,1,0,9,2,693.0,1,79,92723.19631873166,2217.803681268342,2.34,80K-120K
A204,10,101,3,1,1,3,1,1,0,1,0,0,0,0,156,Amman,Tlaa Al Ali,0,0,506.0,78936.0,1,0,9,2,506.0,1,79,83565.69596509058,-4629.695965090577,-5.87,50K-80K
A205,4,-102,3,1,1,3,1,1,1,0,1,0,0,0,150,Amman,Tlaa Al Ali,0,0,620.0,93000.0,0,1,9,3,620.0,1,79,91696.03638926837,1303.9636107316328,1.4,80K-120K
A206,1,132,3,1,1,3,1,1,1,1,0,1,1,1,195,Amman,Dair Ghbar,0,0,890.0,173550.0,1,0,9,6,890.0,1,42,163548.1648696325,10001.835130367486,5.76,120K-180K
A207,5,132,4,1,1,4,1,1,1,1,0,1,1,1,370,Irbid,Rahbat,0,0,251.0,92870.0,1,0,11,6,251.0,3,68,96122.59350731924,-3252.5935073192377,-3.5,80K-120K
A208,12,101,3,1,1,3,1,1,1,0,1,0,0,1,201,Irbid,Rahbat,1,3,400.0,80400.0,1,0,9,4,400.0,3,68,83348.8229492568,-2948.822949256806,-3.67,80K-120K
A209,2,101,3,1,1,3,1,1,1,1,0,0,0,0,195,Irbid,Rahbat,0,0,410.0,79950.0,1,0,9,3,410.0,3,68,90797.40969429594,-10847.409694295944,-13.57,50K-80K
A210,14,102,3,1,1,3,1,1,0,1,0,0,0,0,205,Irbid,Hay Sharqi,0,0,310.0,63550.0,1,0,9,2,310.0,3,47,61805.6567149131,1744.3432850868994,2.74,50K-80K
A211,3,131,4,1,1,4,1,1,1,1,0,1,1,1,150,Amman,Jubeiha,0,0,567.0,85050.0,1,0,11,6,567.0,1,51,57775.89819408721,27274.10180591279,32.07,80K-120K
A212,1,132,4,1,1,4,1,1,1,1,0,1,1,1,200,Amman,Jubeiha,0,0,650.0,130000.0,1,0,11,6,650.0,1,51,124618.21609125097,5381.783908749028,4.14,120K-180K
A213,10,131,4,1,1,4,1,1,1,0,0,1,0,1,206,Amman,Jubeiha,0,0,461.0,94966.0,1,0,11,4,461.0,1,51,120655.85839053322,-25689.85839053322,-27.05,80K-120K
A214,3,101,3,1,1,3,1,1,1,1,0,0,0,0,150,Amman,Abu Al Soos,0,0,497.0,74550.0,1,0,9,3,497.0,1,3,72269.6596918278,2280.3403081722063,3.06,50K-80K
A215,2,102,3,1,1,3,1,1,1,0,0,0,0,0,118,Amman,Abu Al Soos,0,0,415.0,48970.0,1,0,9,2,415.0,1,3,49863.81070259839,-893.8107025983918,-1.83,Under 50K
A216,1,101,3,1,1,4,1,1,1,1,0,0,0,0,200,Amman,Shafa Badran,0,0,440.0,88000.0,1,0,10,3,440.0,1,73,93256.18805823433,-5256.188058234329,-5.97,80K-120K
A217,5,-101,3,1,1,3,1,1,1,0,1,0,0,0,185,Amman,Shafa Badran,0,0,630.0,116550.0,0,1,9,3,630.0,1,73,103243.28790407938,13306.712095920622,11.42,80K-120K
A218,9,141,3,1,1,3,1,1,0,0,0,0,0,1,160,Madaba,Maamoneye,0,0,238.0,38080.0,1,0,9,2,238.0,5,56,46912.3878057633,-8832.387805763297,-23.19,Under 50K
A219,9,121,3,1,1,3,1,1,1,0,0,0,0,1,160,Amman,Safoot,0,0,288.0,46080.0,1,0,9,3,288.0,1,70,53287.34632803205,-7207.34632803205,-15.64,Under 50K
A220,6,102,2,1,1,2,1,1,0,0,0,0,0,0,121,Amman,Safoot,0,0,347.0,41987.0,1,0,7,1,347.0,1,70,41432.06817250382,554.931827496177,1.32,Under 50K
A221,17,131,3,1,1,2,1,1,0,0,0,0,0,1,100,Amman,Safoot,0,0,250.0,25000.0,1,0,8,2,250.0,1,70,26690.38152268221,-1690.3815226822117,-6.76,Under 50K
A222,6,-101,2,1,1,2,1,1,0,0,0,0,0,0,127,Amman,Safoot,0,0,339.0,43053.0,0,1,7,1,339.0,1,70,44171.56469269855,-1118.56469269855,-2.6,Under 50K
A223,5,-102,3,1,1,3,1,1,1,0,1,0,0,0,185,Amman,Safoot,0,0,432.0,79920.0,0,1,9,3,432.0,1,70,84135.35933747566,-4215.35933747566,-5.27,50K-80K
A224,4,-101,3,1,1,3,1,1,0,0,0,0,0,0,140,Amman,Safoot,0,0,357.0,49980.0,0,1,9,1,357.0,1,70,50316.768638056914,-336.7686380569139,-0.67,Under 50K
A225,9,101,3,1,1,2,1,1,0,0,0,0,0,0,130,Amman,Safoot,0,0,354.0,46020.0,1,0,8,1,354.0,1,70,47328.38401000593,-1308.3840100059315,-2.84,Under 50K
A226,6,-102,3,1,1,3,1,1,1,0,0,0,0,0,160,Amman,Safoot,0,0,306.0,48960.0,0,1,9,2,306.0,1,70,52564.2499289738,-3604.249928973797,-7.36,Under 50K
A227,3,111,3,1,1,3,1,1,1,0,0,0,0,1,150,Salt,Ain Al Basha,0,0,367.0,55050.0,1,0,9,3,367.0,6,6,56385.04232237252,-1335.042322372523,-2.43,50K-80K
A228,2,132,3,1,1,3,1,1,1,1,0,1,0,1,209,Salt,Ain Al Basha,0,0,615.0,128535.0,1,0,9,5,615.0,6,6,127229.69883598265,1305.30116401735,1.02,120K-180K
A229,4,101,3,1,1,3,1,1,1,1,0,0,0,0,160,Salt,Ain Al Basha,0,0,513.0,82080.0,1,0,9,3,513.0,6,6,65190.44626639003,16889.553733609973,20.58,80K-120K
A230,3,102,3,1,1,3,1,1,1,0,0,0,0,0,165,Amman,Shafa Badran,0,0,461.0,76065.0,1,0,9,2,461.0,1,73,80783.21393764902,-4718.213937649023,-6.2,50K-80K
A231,6,142,3,1,1,3,1,1,1,0,0,0,0,1,136,Amman,Jubeiha,0,0,441.0,59976.0,1,0,9,3,441.0,1,51,54740.42638533847,5235.573614661531,8.73,50K-80K
A232,13,102,3,1,1,3,1,1,0,0,0,0,0,0,125,Amman,Jubeiha,0,0,312.0,39000.0,1,0,9,1,312.0,1,51,42785.62147869874,-3785.6214786987402,-9.71,Under 50K
A233,17,121,3,1,1,3,1,1,0,0,0,0,0,1,176,Amman,Jubeiha,1,3,426.0,74976.0,1,0,9,2,426.0,1,51,81233.64806769797,-6257.64806769797,-8.35,50K-80K
A234,4,132,4,1,1,4,1,1,1,1,0,1,1,1,249,Amman,Safoot,0,0,185.0,46065.0,1,0,11,6,185.0,1,70,50690.565864955315,-4625.565864955315,-10.04,Under 50K
A235,4,141,3,1,1,3,1,1,1,0,0,0,0,1,165,Amman,Dahyet Al Rasheed,1,5,527.0,86955.0,1,0,9,3,527.0,1,39,96159.33472609933,-9204.334726099332,-10.59,80K-120K
A236,5,132,3,1,1,3,1,1,1,1,0,1,1,1,294,Salt,Al Balqaa,0,0,400.0,117600.0,1,0,9,6,400.0,6,9,158409.4073671241,-40809.407367124106,-34.7,80K-120K
A237,2,121,3,1,1,3,1,1,0,0,0,0,0,1,175,Salt,Shafa Al Ameryeh,0,0,423.0,74025.0,1,0,9,2,423.0,6,72,67508.83549019742,6516.1645098025765,8.8,50K-80K
A238,5,-101,3,1,1,3,1,1,0,0,1,0,0,0,160,Salt,Ain Al Basha,0,0,306.0,48960.0,0,1,9,2,306.0,6,6,48952.699791549334,7.300208450666105,0.01,Under 50K
A239,12,131,2,1,0,2,1,0,0,0,0,0,0,1,107,Salt,Ain Al Basha,0,0,262.0,28034.0,1,0,6,1,262.0,6,6,28422.012457356097,-388.012457356097,-1.38,Under 50K
A240,6,132,3,1,1,3,1,1,1,0,0,0,0,1,150,Salt,Al Balqaa,0,0,313.0,46950.0,1,0,9,3,313.0,6,9,50524.280047649154,-3574.280047649154,-7.61,Under 50K
A241,10,112,3,1,1,2,1,1,1,0,0,0,0,0,145,Salt,Al Salalem,1,3,393.0,56985.0,1,0,8,2,393.0,6,26,56078.43415457282,906.5658454271834,1.59,50K-80K
A242,4,101,4,1,1,5,1,1,1,0,1,0,0,1,250,Salt,Al Balqaa,0,0,740.0,185000.0,1,0,12,4,740.0,6,9,183920.51311706673,1079.48688293327,0.58,Above 180K
A243,9,131,3,1,1,3,1,1,0,0,0,0,0,1,140,Salt,Al Saru,0,0,450.0,63000.0,1,0,9,2,450.0,6,28,56429.018466838694,6570.981533161306,10.43,50K-80K
A244,20,121,4,1,1,2,1,1,0,0,0,0,0,1,150,Salt,Dahyet Al Zhour,0,0,260.0,39000.0,1,0,9,2,260.0,6,40,38748.83932655971,251.16067344028852,0.64,Under 50K
A245,2,132,3,1,1,3,1,1,0,0,0,0,0,1,125,Salt,Al Balqaa,0,0,397.0,49625.0,1,0,9,2,397.0,6,9,49720.71067409305,-95.71067409304669,-0.19,Under 50K
A246,5,101,3,1,1,3,1,1,1,1,0,0,0,0,205,Salt,Al Saru,0,0,576.0,118080.0,1,0,9,3,576.0,6,28,108760.50972137573,9319.490278624275,7.89,80K-120K
A247,6,122,4,1,1,2,1,1,0,0,0,0,0,1,120,Salt,Ain Al Basha,0,0,308.0,36960.0,1,0,9,2,308.0,6,6,34819.30518601278,2140.6948139872184,5.79,Under 50K
A248,20,141,3,1,1,2,1,1,0,0,0,0,0,1,160,Salt,Al Balqaa,0,0,312.0,49920.0,1,0,8,2,312.0,6,9,47800.74068722475,2119.259312775248,4.25,Under 50K
A249,20,132,3,1,1,2,1,1,0,0,0,0,0,1,128,Salt,Al Baqea,1,2,234.0,29952.0,1,0,8,2,234.0,6,10,39109.33528974854,-9157.335289748538,-30.57,Under 50K
A250,5,101,4,1,1,4,1,1,1,1,0,0,0,0,196,Salt,Steen Street,0,0,363.0,71148.0,1,0,11,3,363.0,6,76,73749.46238684638,-2601.4623868463823,-3.66,50K-80K
A251,1,102,3,1,1,3,1,1,0,1,0,0,0,0,190,Salt,Shafa Al Ameryeh,0,0,400.0,76000.0,1,0,9,2,400.0,6,72,76579.63373772944,-579.6337377294403,-0.76,50K-80K
A252,6,101,2,1,1,2,1,1,1,1,0,0,0,0,160,Salt,Mahes Al Rawabi,0,0,323.0,51680.0,1,0,7,3,323.0,6,58,54753.640480632814,-3073.6404806328137,-5.95,50K-80K
A253,1,101,3,1,1,3,1,1,1,1,0,0,0,0,173,Salt,Ain Al Basha,0,0,399.0,69027.0,1,0,9,3,399.0,6,6,67730.07417210532,1296.92582789468,1.88,50K-80K
A254,1,102,3,1,1,3,1,1,1,1,1,0,0,0,177,Salt,Ain Al Basha,0,0,393.0,69561.0,1,0,9,4,393.0,6,6,70313.00710098541,-752.0071009854146,-1.08,50K-80K
A255,1,111,3,1,1,3,1,1,1,0,0,0,0,1,173,Salt,Ain Al Basha,0,0,353.0,61069.0,1,0,9,3,353.0,6,6,61155.414894746675,-86.41489474667469,-0.14,50K-80K
A256,1,131,4,1,1,4,1,1,1,0,0,1,0,1,211,Salt,Ain Al Basha,0,0,380.0,80180.0,1,0,11,4,380.0,6,6,82270.891200828,-2090.891200828002,-2.61,80K-120K
A257,2,121,3,1,1,3,1,1,1,0,0,0,0,1,173,Salt,Ain Al Basha,0,0,350.0,60550.0,1,0,9,3,350.0,6,6,61534.14905184631,-984.1490518463106,-1.63,50K-80K
A258,2,-101,3,1,1,3,1,1,1,1,0,0,0,0,180,Salt,Al Salalem,0,0,417.0,75060.0,0,1,9,3,417.0,6,26,80180.63773125371,-5120.637731253708,-6.82,50K-80K
A259,20,122,2,1,0,1,1,0,0,0,0,0,0,0,68,Salt,Al Medan,0,0,200.0,13600.0,1,0,5,0,200.0,6,20,12721.856505137655,878.1434948623446,6.46,Under 50K
A260,7,131,2,1,1,2,1,1,0,0,0,0,0,0,115,Salt,Al Maghareb,0,0,252.0,28980.0,1,0,7,1,252.0,6,17,35037.757058849165,-6057.757058849165,-20.9,Under 50K
A261,5,-101,3,1,1,2,1,1,0,0,1,0,0,0,112,Salt,Ain Al Basha,0,0,357.0,39984.0,0,1,8,2,357.0,6,6,39983.44086844673,0.5591315532728913,0.0,Under 50K
A262,10,121,2,1,1,2,1,1,0,0,0,0,0,1,125,Salt,Ain Al Basha,0,0,248.0,31000.0,1,0,7,2,248.0,6,6,35447.85215641837,-4447.852156418368,-14.35,Under 50K
A263,30,101,2,1,0,2,1,0,0,0,0,0,0,0,102,Salt,Um Al Dananir,0,0,120.0,12240.0,1,0,6,0,120.0,6,80,13081.707765695264,-841.7077656952642,-6.88,Under 50K
A264,5,112,3,1,1,3,1,1,1,0,0,0,0,1,150,Salt,Ain Al Basha,0,0,350.0,52500.0,1,0,9,3,350.0,6,6,49123.88949914692,3376.1105008530794,6.43,50K-80K
A265,1,121,3,1,1,3,1,1,1,0,0,0,0,1,195,Salt,Al Saru,0,0,692.0,134940.0,1,0,9,3,692.0,6,28,121304.11251592063,13635.887484079372,10.11,120K-180K
A266,13,132,4,1,1,6,1,1,1,0,0,1,1,1,283,Amman,Al Muqablen,0,0,442.0,125086.0,1,0,13,5,442.0,1,21,124125.7380620194,960.2619379805983,0.77,120K-180K
A267,1,102,3,1,1,3,1,1,1,0,0,0,0,1,175,Amman,Al Muqablen,0,0,457.0,79975.0,1,0,9,3,457.0,1,21,76706.91681785526,3268.0831821447355,4.09,50K-80K
A268,1,111,3,1,1,3,1,1,1,0,0,0,0,1,170,Amman,Al Muqablen,0,0,382.0,64940.0,1,0,9,3,382.0,1,21,76706.91681785526,-11766.916817855265,-18.12,50K-80K
A269,1,131,3,1,1,3,1,1,1,1,0,1,1,1,210,Amman,Al Muqablen,0,0,429.0,90090.0,1,0,9,6,429.0,1,21,109953.183448212,-19863.183448212003,-22.05,80K-120K
A270,1,101,3,1,1,3,1,1,1,1,0,0,0,0,186,Amman,Al Muqablen,0,0,403.0,74958.0,1,0,9,3,403.0,1,21,85258.30439520322,-10300.304395203217,-13.74,50K-80K
A271,15,112,3,1,1,3,1,1,0,0,0,0,0,1,120,Amman,Al Muqablen,0,0,400.0,48000.0,1,0,9,2,400.0,1,21,45159.619701425436,2840.380298574564,5.92,Under 50K
A272,6,131,3,1,1,3,1,1,1,0,0,0,0,1,174,Amman,Al Muqablen,0,0,431.0,74994.0,1,0,9,3,431.0,1,21,83076.85745273351,-8082.857452733515,-10.78,50K-80K
A273,9,101,3,1,0,2,1,0,0,0,0,0,0,0,86,Amman,Al Muqablen,0,0,300.0,25800.0,1,0,7,0,300.0,1,21,27733.224178003016,-1933.2241780030163,-7.49,Under 50K
A274,15,-101,3,1,1,2,1,1,1,0,0,0,0,0,113,Amman,Al Muqablen,0,0,420.0,47460.0,0,1,8,2,420.0,1,21,39575.05586341581,7884.944136584192,16.61,Under 50K
A275,12,101,3,1,1,3,1,1,1,1,1,0,0,0,195,Amman,Al Muqablen,0,0,564.0,109980.0,1,0,9,4,564.0,1,21,101372.84481659999,8607.155183400013,7.83,80K-120K
A276,15,101,3,1,1,3,1,1,0,1,0,0,0,0,180,Amman,Sahab,0,0,197.0,35460.0,1,0,9,2,197.0,1,71,56036.03669217449,-20576.036692174494,-58.03,Under 50K
A277,5,112,3,1,1,3,1,1,1,0,0,0,0,1,140,Amman,Sahab,0,0,300.0,42000.0,1,0,9,3,300.0,1,71,44420.01728120103,-2420.017281201028,-5.76,Under 50K
A278,5,131,2,1,1,2,1,1,0,0,0,0,0,1,136,Amman,Sahab,0,0,294.0,39984.0,1,0,7,2,294.0,1,71,43721.72582201232,-3737.7258220123185,-9.35,Under 50K
A279,3,131,3,1,1,3,1,1,1,1,0,1,1,1,185,Amman,Airport Street,0,0,500.0,92500.0,1,0,9,6,500.0,1,8,93951.66323942895,-1451.6632394289481,-1.57,80K-120K
A280,1,101,3,1,1,2,1,1,1,1,0,0,0,0,160,Amman,Tbarbour,0,0,488.0,78080.0,1,0,8,3,488.0,1,78,80435.61803651362,-2355.6180365136242,-3.02,50K-80K
A281,1,102,3,1,1,3,1,1,1,1,0,0,0,0,180,Amman,Tbarbour,0,0,528.0,95040.0,1,0,9,3,528.0,1,78,78073.85587010125,16966.14412989875,17.85,80K-120K
A282,1,111,3,1,1,3,1,1,0,0,0,0,1,1,195,Amman,Tbarbour,0,0,354.0,69030.0,1,0,9,3,354.0,1,78,100176.15026094245,-31146.15026094245,-45.12,50K-80K
A283,1,102,2,1,1,2,1,1,1,0,0,0,0,0,127,Amman,Tbarbour,0,0,465.0,59055.0,1,0,7,2,465.0,1,78,58072.82044849457,982.1795515054328,1.66,50K-80K
A284,1,132,3,1,1,3,1,1,1,1,0,1,1,1,200,Amman,Tbarbour,0,0,390.0,78000.0,1,0,9,6,390.0,1,78,82973.85720742607,-4973.857207426074,-6.38,50K-80K
A285,1,-101,2,1,1,2,1,1,1,0,0,0,0,0,126,Amman,Tbarbour,0,0,365.0,45990.0,0,1,7,2,365.0,1,78,49638.23769412631,-3648.2376941263065,-7.93,Under 50K
A286,1,131,3,1,1,3,1,1,1,0,0,1,1,1,177,Amman,Tbarbour,0,0,379.0,67083.0,1,0,9,5,379.0,1,78,65084.640690568274,1998.3593094317257,2.98,50K-80K
A287,1,121,3,1,1,2,1,1,1,0,0,0,0,1,150,Amman,Tbarbour,0,0,373.0,55950.0,1,0,8,3,373.0,1,78,61467.183513323616,-5517.183513323616,-9.86,50K-80K
A288,5,-101,3,1,1,2,1,1,1,0,0,0,0,0,145,Amman,Tbarbour,0,0,379.0,54955.0,0,1,8,2,379.0,1,78,51378.5624424441,3576.4375575559025,6.51,50K-80K
A289,1,131,4,1,1,3,1,1,1,1,0,1,1,1,200,Amman,Tbarbour,0,0,492.0,98400.0,1,0,10,6,492.0,1,78,93088.19561033606,5311.804389663943,5.4,80K-120K
A290,12,111,3,1,1,3,1,1,1,0,0,0,0,1,180,Amman,Tbarbour,0,0,361.0,64980.0,1,0,9,3,361.0,1,78,67443.35365257191,-2463.35365257191,-3.79,50K-80K
A291,4,-101,3,1,1,3,1,1,1,0,0,0,0,0,145,Amman,Tbarbour,0,0,338.0,49010.0,0,1,9,2,338.0,1,78,52728.357403962575,-3718.3574039625746,-7.59,Under 50K
A292,3,101,2,1,1,1,1,1,1,0,0,0,0,0,90,Amman,Tbarbour,1,3,567.0,51030.0,1,0,6,2,567.0,1,78,53136.15810167179,-2106.15810167179,-4.13,50K-80K
A293,5,122,3,1,1,3,1,1,0,0,0,0,0,1,124,Amman,Tbarbour,0,0,363.0,45012.0,1,0,9,2,363.0,1,78,48245.64828451842,-3233.648284518422,-7.18,Under 50K
A294,9,121,3,1,1,3,1,0,1,0,0,0,0,1,175,Amman,Tbarbour,0,0,171.0,29925.0,1,0,9,2,171.0,1,78,39953.03393467059,-10028.033934670588,-33.51,Under 50K
A295,4,-101,3,1,1,2,1,1,1,0,1,0,0,0,146,Amman,Tbarbour,0,0,384.0,56064.0,0,1,8,3,384.0,1,78,54725.74421797432,1338.255782025677,2.39,50K-80K
A296,10,122,2,1,1,1,1,1,0,0,0,0,0,0,120,Amman,Tbarbour,0,0,442.0,53040.0,1,0,6,1,442.0,1,78,46122.164738179534,6917.835261820466,13.04,50K-80K
A297,15,112,3,1,1,2,1,1,0,0,0,0,0,1,138,Amman,Tbarbour,0,0,312.0,43056.0,1,0,8,2,312.0,1,78,44643.263128971244,-1587.2631289712444,-3.69,Under 50K
A298,6,141,3,1,1,2,1,1,1,0,0,0,0,1,150,Amman,Tbarbour,0,0,333.0,49950.0,1,0,8,3,333.0,1,78,54290.57638945073,-4340.576389450733,-8.69,Under 50K
A299,13,121,4,1,1,3,1,1,0,0,0,0,1,1,216,Amman,Tbarbour,0,0,259.0,55944.0,1,0,10,3,259.0,1,78,58697.85031718868,-2753.850317188677,-4.92,50K-80K
A300,2,111,4,1,1,4,1,1,1,0,0,0,0,1,204,Amman,Tbarbour,0,0,343.0,69972.0,1,0,11,3,343.0,1,78,76781.23089644882,-6809.230896448818,-9.73,50K-80K
A301,15,102,4,1,1,3,1,1,1,1,1,0,0,0,212,Amman,Tbarbour,0,0,368.0,78016.0,1,0,10,4,368.0,1,78,118970.47953766497,-40954.47953766497,-52.49,50K-80K
A302,20,111,2,1,0,1,1,0,0,0,0,0,0,1,80,Amman,Tbarbour,0,0,313.0,25040.0,1,0,5,1,313.0,1,78,24584.03111679296,455.96888320703874,1.82,Under 50K
A303,20,132,3,1,1,2,1,0,0,0,0,0,0,1,130,Amman,Tbarbour,0,0,323.0,41990.0,1,0,8,1,323.0,1,78,41797.90520352671,192.09479647329135,0.46,Under 50K
A304,5,101,2,1,1,3,1,1,0,0,0,0,0,0,122,Amman,Tbarbour,0,0,490.0,59780.0,1,0,8,1,490.0,1,78,53431.54280153955,6348.457198460448,10.62,50K-80K
A305,9,-102,2,1,1,2,1,1,0,0,0,0,0,0,110,Amman,Tbarbour,0,0,318.0,34980.0,0,1,7,1,318.0,1,78,42593.285578395386,-7613.2855783953855,-21.76,Under 50K
A306,7,102,2,1,1,2,1,1,0,0,0,0,0,0,116,Amman,Tbarbour,0,0,345.0,40020.0,1,0,7,1,345.0,1,78,44446.46736550601,-4426.4673655060105,-11.06,Under 50K
A307,3,132,4,1,1,3,1,1,1,1,0,1,1,1,277,Amman,Tbarbour,0,0,362.0,100274.0,1,0,10,6,362.0,1,78,96278.55094366493,3995.44905633507,3.98,80K-120K
A308,15,122,2,1,0,2,1,0,0,0,0,0,0,1,73,Amman,Tbarbour,0,0,397.0,28981.0,1,0,6,1,397.0,1,78,29062.536231165075,-81.53623116507515,-0.28,Under 50K
A309,23,101,2,1,1,2,1,1,0,1,0,0,0,0,123,Ajloun,Abain,0,0,244.0,30012.0,1,0,7,2,244.0,0,0,30057.413165086815,-45.41316508681484,-0.15,Under 50K
A310,5,131,3,1,1,2,1,1,0,0,0,0,0,1,125,Ajloun,Abain,0,0,200.0,25000.0,1,0,8,2,200.0,0,0,26982.31767460403,-1982.31767460403,-7.93,Under 50K
A311,2,101,3,1,1,4,1,1,1,1,0,0,0,0,210,Ajloun,Al Qalaa,0,0,310.0,65100.0,1,0,10,3,310.0,0,23,67925.07288303314,-2825.0728830331354,-4.34,50K-80K
A312,9,111,2,1,1,2,1,0,0,0,0,0,0,0,105,Ajloun,Ain Jannah,0,0,95.0,9975.0,1,0,7,0,95.0,0,7,11714.73149820187,-1739.7314982018706,-17.44,Under 50K
A313,17,112,2,1,0,1,1,0,0,0,0,0,0,1,123,Ajloun,Abain,0,0,126.0,15498.0,1,0,5,1,126.0,0,0,31938.878655577897,-16440.878655577897,-106.08,Under 50K
A314,8,-101,3,1,1,3,1,1,1,0,1,0,0,0,251,Amman,Khalda,0,0,434.0,108934.0,0,1,9,3,434.0,1,52,114049.45686889153,-5115.4568688915315,-4.7,80K-120K
A315,19,111,2,1,0,2,1,1,0,0,0,0,0,1,93,Amman,Fourth Circle,1,4,1075.0,100000.0,1,0,6,2,1075.27,1,44,98427.12497355731,1572.8750264426926,1.57,80K-120K
A316,6,151,1,1,0,2,1,0,0,0,0,0,1,1,95,Amman,Abdali,1,5,2000.0,190000.0,1,0,5,2,2000.0,1,1,188513.42504845088,1486.5749515491189,0.78,Above 180K
A317,4,131,4,1,1,6,1,0,0,1,0,1,1,1,222,Amman,Airport Street,0,0,1170.0,259740.0,1,0,13,4,1170.0,1,8,150657.38224167944,109082.61775832056,42.0,Above 180K
A318,13,-101,2,1,1,2,1,1,0,0,0,0,0,0,70,Amman,Dair Ghbar,1,3,700.0,49000.0,0,1,7,1,700.0,1,42,49166.60914984581,-166.60914984581177,-0.34,Under 50K
A319,16,-101,3,1,1,3,1,1,0,0,1,0,0,0,250,Amman,Arjan,0,0,192.0,48000.0,0,1,9,2,192.0,1,33,52984.914636782,-4984.914636781999,-10.39,Under 50K
A320,17,121,3,1,1,2,1,0,0,0,0,0,0,1,110,Amman,Marka Al Shamalyeh,0,0,682.0,75020.0,1,0,8,1,682.0,1,60,62194.86958419426,12825.13041580574,17.1,50K-80K
A321,21,101,2,1,1,1,1,0,0,0,0,0,0,0,89,Amman,Marka Al Shamalyeh,0,0,180.0,16020.0,1,0,6,0,180.0,1,60,19721.75604595766,-3701.75604595766,-23.11,Under 50K
A322,25,111,2,1,1,1,1,0,0,0,0,0,0,0,111,Irbid,Al Barha,0,0,154.0,17094.0,1,0,6,0,154.0,3,11,16182.216918614205,911.7830813857945,5.33,Under 50K
A323,15,-101,3,1,1,3,1,0,0,1,0,0,0,0,150,Amman,Hashmi Al Shmali,0,0,289.0,43350.0,0,1,9,1,289.0,1,45,46957.5123865525,-3607.512386552502,-8.32,Under 50K
A324,10,101,3,1,1,3,1,1,1,0,0,0,0,0,165,Amman,Shafa Badran,0,0,424.0,69960.0,1,0,9,2,424.0,1,73,78873.60403651337,-8913.604036513367,-12.74,50K-80K
A325,15,101,3,1,1,2,1,0,0,0,0,0,0,0,120,Amman,Abu Nsair,0,0,243.0,29160.0,1,0,8,0,243.0,1,5,28226.47676848431,933.52323151569,3.2,Under 50K
A326,20,121,3,1,1,2,1,1,1,0,0,0,0,1,158,Amman,Mecca Street,0,0,342.0,54036.0,1,0,8,3,342.0,1,61,59075.886412305365,-5039.8864123053645,-9.33,50K-80K
A327,5,112,3,1,1,3,1,1,1,0,0,0,0,1,185,Amman,Dahyet Al Rasheed,0,0,621.0,114885.0,1,0,9,3,621.0,1,39,108643.43828387305,6241.561716126947,5.43,80K-120K
A328,4,141,3,1,1,3,1,1,1,0,0,0,0,0,165,Amman,Airport Street,1,5,540.0,89100.0,1,0,9,2,540.0,1,8,91262.75648806922,-2162.7564880692225,-2.43,80K-120K
A329,2,122,3,1,1,3,1,1,0,0,0,0,0,1,186,Amman,Dahyet Al Rasheed,0,0,457.0,85002.0,1,0,9,2,457.0,1,39,93512.39719927401,-8510.397199274012,-10.01,80K-120K
A330,7,121,3,1,1,3,1,1,1,0,0,0,0,1,175,Amman,Dahyet Al Rasheed,0,0,697.0,121975.0,1,0,9,3,697.0,1,39,88899.19396812105,33075.80603187895,27.12,120K-180K
A331,4,131,4,1,1,3,1,1,1,1,0,1,0,1,190,Amman,Dahyet Al Rasheed,0,0,500.0,95000.0,1,0,10,5,500.0,1,39,101541.18275662707,-6541.182756627066,-6.89,80K-120K
A332,2,122,3,1,1,2,1,1,1,0,0,0,0,1,135,Amman,Dahyet Al Rasheed,0,0,430.0,58050.0,1,0,8,3,430.0,1,39,61464.05172351186,-3414.0517235118605,-5.88,50K-80K
A333,2,122,3,1,1,3,1,1,1,0,0,0,0,1,186,Amman,Dahyet Al Rasheed,0,0,600.0,111600.0,1,0,9,3,600.0,1,39,100270.61122322294,11329.388776777065,10.15,80K-120K
A334,8,141,3,1,1,2,1,1,1,0,0,0,0,0,125,Amman,Dahyet Al Rasheed,1,3,520.0,65000.0,1,0,8,2,520.0,1,39,60221.97961861887,4778.020381381131,7.35,50K-80K
A335,7,-101,4,1,1,5,1,1,1,1,0,0,0,1,300,Amman,Al Dheer,0,0,320.0,96000.0,0,1,12,4,320.0,1,13,99450.45729096695,-3450.4572909669514,-3.59,80K-120K
A336,8,131,3,1,1,4,1,1,1,1,0,1,1,1,180,Amman,Kursi,0,0,756.0,136080.0,1,0,10,6,756.0,1,55,129693.18869295141,6386.811307048585,4.69,120K-180K
A337,14,101,3,1,1,4,1,1,1,1,0,0,0,1,204,Amman,Tbarbour,0,0,466.0,95064.0,1,0,10,4,466.0,1,78,88331.16787778589,6732.832122214109,7.08,80K-120K
A338,1,132,3,1,1,3,1,1,1,1,0,1,1,1,210,Amman,Tbarbour,0,0,376.0,78960.0,1,0,9,6,376.0,1,78,82502.69638186062,-3542.6963818606164,-4.49,50K-80K
A339,7,112,3,1,1,3,1,1,1,0,0,0,0,1,186,Amman,Tbarbour,0,0,355.0,66030.0,1,0,9,3,355.0,1,78,71953.13578071163,-5923.135780711629,-8.97,50K-80K
A340,5,101,4,1,1,3,1,1,1,1,0,0,0,0,230,Amman,Dabouq,0,0,1300.0,299000.0,1,0,10,3,1300.0,1,37,275146.20838835905,23853.791611640947,7.98,Above 180K
A341,8,111,2,1,1,2,1,1,0,0,0,0,0,1,150,Amman,Abdoun,0,0,1067.0,160050.0,1,0,7,2,1067.0,1,2,52246.10113529852,107803.89886470148,67.36,120K-180K
A342,9,122,3,1,1,3,1,1,0,0,0,0,0,1,178,Amman,Khalda,1,3,990.0,176220.0,1,0,9,2,990.0,1,52,158508.9093781014,17711.09062189859,10.05,120K-180K
A343,4,121,3,1,1,3,1,1,1,0,0,0,0,1,214,Amman,Tlaa Al Ali,0,0,724.0,154936.0,1,0,9,3,724.0,1,79,146685.664792793,8250.335207207012,5.32,120K-180K
A344,10,101,4,1,1,4,1,1,1,1,0,0,0,0,350,Amman,Abdoun,1,4,1028.0,359800.0,1,0,11,3,1028.0,1,2,360776.23276291287,-976.2327629128704,-0.27,Above 180K
A345,6,101,2,1,1,4,1,1,0,0,0,0,0,1,200,Amman,Dair Ghbar,0,0,675.0,135000.0,1,0,9,2,675.0,1,42,128382.18715670767,6617.812843292326,4.9,120K-180K
A346,9,121,3,1,1,3,1,1,0,0,0,0,0,0,125,Amman,Yadude,0,0,655.0,81875.0,1,0,9,1,655.0,1,85,80194.93512822363,1680.0648717763688,2.05,80K-120K
A347,5,102,4,1,1,4,1,1,1,1,1,0,0,0,221,Amman,Airport Street,0,0,1041.0,230061.0,1,0,11,4,1041.0,1,8,229179.14808566158,881.8519143384183,0.38,Above 180K
A348,4,112,3,1,1,2,1,1,1,0,0,0,0,1,150,Amman,Khalda,0,0,600.0,90000.0,1,0,8,3,600.0,1,52,80553.56320958871,9446.436790411288,10.5,80K-120K
A349,6,101,3,1,1,3,1,1,1,1,0,0,0,0,189,Amman,Khalda,0,0,540.0,102060.0,1,0,9,3,540.0,1,52,102684.92403376361,-624.9240337636147,-0.61,80K-120K
A350,10,-101,4,1,1,5,1,1,1,1,0,0,1,1,318,Amman,Airport Street,0,0,900.0,286200.0,0,1,12,5,900.0,1,8,238737.78542413906,47462.21457586094,16.58,Above 180K
A351,5,101,4,1,1,3,1,1,0,1,0,0,0,0,180,Amman,Marj Al Hammam,0,0,645.0,116100.0,1,0,10,2,645.0,1,59,122249.33867753681,-6149.338677536813,-5.3,80K-120K
A352,12,132,3,1,1,3,1,1,1,1,0,1,0,1,210,Amman,Jubeiha,0,0,400.0,84000.0,1,0,9,5,400.0,1,51,89608.82664218574,-5608.826642185741,-6.68,80K-120K
A353,10,131,4,1,1,3,1,1,0,0,0,0,0,1,172,Amman,Jubeiha,0,0,554.0,95288.0,1,0,10,2,554.0,1,51,85618.83571509285,9669.16428490715,10.15,80K-120K
A354,8,111,3,1,1,3,1,1,0,0,0,0,0,1,170,Amman,Jubeiha,0,0,471.0,80070.0,1,0,9,2,471.0,1,51,85842.06521976674,-5772.065219766737,-7.21,80K-120K
A355,2,131,3,1,1,3,1,1,0,1,0,1,0,1,220,Amman,Jubeiha,0,0,575.0,126500.0,1,0,9,4,575.0,1,51,126442.26587475976,57.734125240240246,0.05,120K-180K
A356,3,101,2,1,1,3,1,1,1,0,0,0,0,0,146,Amman,Dahhyet Al Istqlal,0,0,418.0,61028.0,1,0,8,2,418.0,1,38,66605.3272773524,-5577.327277352393,-9.14,50K-80K
A357,13,102,3,1,1,3,1,1,1,0,0,0,0,0,125,Amman,Dahhyet Al Istqlal,0,0,296.0,37000.0,1,0,9,2,296.0,1,38,47354.3269151811,-10354.326915181096,-27.98,Under 50K
A358,14,101,4,1,1,3,1,1,1,0,0,0,0,0,105,Amman,Dahhyet Al Istqlal,1,2,500.0,52500.0,1,0,10,2,500.0,1,38,54325.960450904604,-1825.960450904604,-3.48,50K-80K
A359,2,101,3,1,1,3,1,1,1,1,0,0,0,0,148,Amman,Dahhyet Al Istqlal,0,0,574.0,84952.0,1,0,9,3,574.0,1,38,86613.88834082945,-1661.8883408294496,-1.96,80K-120K
A360,3,131,2,1,1,3,1,1,1,0,0,1,1,1,150,Amman,Dahhyet Al Istqlal,0,0,434.0,65100.0,1,0,8,5,434.0,1,38,68414.12837740258,-3314.1283774025796,-5.09,50K-80K
A361,6,132,3,1,1,3,1,1,1,0,0,0,0,1,120,Amman,Dahhyet Al Istqlal,0,0,325.0,39000.0,1,0,9,3,325.0,1,38,48010.263475946995,-9010.263475946995,-23.1,Under 50K
A362,8,131,3,1,1,2,1,1,1,0,0,0,0,1,111,Amman,Dahhyet Al Istqlal,0,0,342.0,37962.0,1,0,8,3,342.0,1,38,40373.76838308722,-2411.7683830872193,-6.35,Under 50K
A363,1,121,3,1,1,3,1,1,1,0,0,0,0,1,138,Amman,Abu Alanda,0,0,420.0,58000.0,1,0,9,3,420.29,1,4,58092.26692540761,-92.26692540760996,-0.16,50K-80K
A364,1,101,3,1,1,3,1,1,1,0,0,0,0,1,150,Amman,Abu Alanda,0,0,393.0,59000.0,1,0,9,3,393.33,1,4,61090.6055290126,-2090.6055290126023,-3.54,50K-80K
A365,3,111,3,1,1,3,1,1,1,0,0,0,0,1,130,Amman,Abu Alanda,0,0,385.0,50000.0,1,0,9,3,384.62,1,4,52009.33910102463,-2009.3391010246269,-4.02,Under 50K
A366,11,122,3,1,1,2,1,1,1,0,0,0,0,1,150,Amman,Jabal El Zuhoor,1,4,400.0,60000.0,1,0,8,3,400.0,1,49,78308.88100953808,-18308.881009538076,-30.51,50K-80K
A367,17,-101,3,1,0,2,1,0,1,0,0,0,0,0,83,Amman,Jabal El Zuhoor,0,0,386.0,32038.0,0,1,7,1,386.0,1,49,29531.934348545827,2506.0656514541733,7.82,Under 50K
A368,1,111,3,1,1,3,1,1,0,0,0,0,0,1,110,Amman,Jabal El Zuhoor,0,0,409.0,44990.0,1,0,9,2,409.0,1,49,47793.25837474449,-2803.258374744488,-6.23,Under 50K
A369,12,121,3,1,1,3,1,1,1,0,0,0,0,1,125,Amman,Jabal El Zuhoor,1,2,392.0,49000.0,1,0,9,3,392.0,1,49,50607.98854091245,-1607.9885409124472,-3.28,Under 50K
A370,1,101,3,1,1,3,1,1,1,0,0,0,0,1,120,Amman,Abu Alanda,0,0,375.0,45000.0,1,0,9,3,375.0,1,4,47180.51412147303,-2180.514121473032,-4.85,Under 50K
A371,7,102,3,1,1,3,1,1,1,1,0,0,0,0,170,Amman,Yasmeen,0,0,482.0,81940.0,1,0,9,3,482.0,1,87,83951.71315570343,-2011.71315570343,-2.46,80K-120K
A372,14,132,3,1,1,3,1,1,0,0,0,0,0,1,140,Amman,Yasmeen,0,0,392.85714285714283,55000.0,1,0,9,2,392.86,1,87,79056.94229900287,-24056.94229900287,-43.74,50K-80K
A373,1,132,3,1,1,2,1,1,1,0,0,0,0,1,133,Amman,Yasmeen,0,0,639.0,84987.0,1,0,8,3,639.0,1,87,81379.27329715622,3607.726702843778,4.25,80K-120K
A374,2,111,3,1,1,3,1,1,1,0,0,0,0,1,162,Amman,Bayader,0,0,370.0,59940.0,1,0,9,3,370.0,1,35,68952.26925848247,-9012.269258482469,-15.04,50K-80K
A375,10,132,3,1,1,3,1,1,1,0,0,0,0,1,165,Amman,Bayader,0,0,515.0,84975.0,1,0,9,3,515.0,1,35,86185.22709365119,-1210.2270936511923,-1.42,80K-120K
A376,20,101,2,1,0,2,1,0,0,0,0,0,0,0,90,Amman,Bayader,0,0,300.0,27000.0,1,0,6,0,300.0,1,35,24001.163086523804,2998.836913476196,11.11,Under 50K
A377,3,111,3,1,1,3,1,1,0,0,0,0,0,1,162,Amman,Bayader,0,0,370.0,59940.0,1,0,9,2,370.0,1,35,68862.87338861011,-8922.87338861011,-14.89,50K-80K
A378,18,121,3,1,1,3,1,1,0,0,0,0,0,1,125,Amman,Bayader,0,0,565.0,70625.0,1,0,9,2,565.0,1,35,60510.12722260851,10114.872777391487,14.32,50K-80K
A379,16,122,3,1,1,2,1,1,0,0,0,0,0,1,120,Amman,Bayader,0,0,333.0,39960.0,1,0,8,2,333.0,1,35,42287.26785855126,-2327.267858551262,-5.82,Under 50K
A380,17,111,3,1,1,2,1,1,0,0,0,0,0,1,133,Amman,Bayader,0,0,331.0,44023.0,1,0,8,2,331.0,1,35,49011.58779312938,-4988.58779312938,-11.33,Under 50K
A381,7,101,3,1,1,3,1,1,1,0,0,0,0,0,124,Amman,Bayader,0,0,600.0,74400.0,1,0,9,2,600.0,1,35,59436.75932381916,14963.240676180838,20.11,50K-80K
A382,15,122,3,1,1,3,1,1,1,0,0,0,0,1,140,Amman,Bayader,0,0,479.0,67060.0,1,0,9,3,479.0,1,35,58850.689902412196,8209.310097587804,12.24,50K-80K
A383,19,101,3,1,1,3,1,1,0,1,0,0,0,0,140,Amman,Bayader,0,0,450.0,63000.0,1,0,9,2,450.0,1,35,62941.9785325853,58.021467414699146,0.09,50K-80K
A384,18,121,3,1,1,2,1,1,0,0,0,0,0,1,124,Amman,Bayader,1,2,470.0,58280.0,1,0,8,2,470.0,1,35,55798.285545279505,2481.7144547204953,4.26,50K-80K
A385,19,111,2,1,1,2,1,0,0,0,0,0,0,1,133,Amman,Sabea Circle,1,2,564.0,75012.0,1,0,7,1,564.0,1,69,75644.04701415123,-632.0470141512342,-0.84,50K-80K
A386,12,131,3,1,0,2,1,1,0,0,0,0,0,1,125,Amman,Shmesani,1,2,624.0,78000.0,1,0,7,2,624.0,1,75,69487.75366059541,8512.246339404592,10.91,50K-80K
A387,18,101,3,1,0,3,1,0,1,1,1,0,1,0,303,Amman,Webde,0,0,528.0,159984.0,1,0,8,4,528.0,1,84,158717.88938905956,1266.1106109404354,0.79,120K-180K
A388,13,122,2,1,0,3,1,0,1,0,0,0,0,1,121,Amman,Webde,1,2,620.0,75020.0,1,0,7,2,620.0,1,84,74386.6073626508,633.3926373491995,0.84,50K-80K
A389,19,101,2,1,0,2,1,0,0,0,0,0,0,0,96,Amman,Webde,1,2,646.0,62016.0,1,0,6,0,646.0,1,84,62224.65850563134,-208.65850563134154,-0.34,50K-80K
A390,8,121,3,1,1,3,1,1,0,0,0,0,0,1,125,Amman,Yadude,0,0,645.0,80625.0,1,0,9,2,645.0,1,85,79174.90745353249,1450.0925464675092,1.8,80K-120K
A391,18,112,3,1,0,3,1,0,1,0,0,0,0,1,147,Amman,Webde,0,0,762.0,112014.0,1,0,8,2,762.0,1,84,107447.58767560251,4566.41232439749,4.08,80K-120K
A392,10,101,3,1,1,2,1,1,0,0,0,0,0,0,127,Amman,Rabieh Circle,0,0,622.0,78994.0,1,0,8,1,622.0,1,67,67306.28420003357,11687.715799966434,14.8,50K-80K
A393,10,131,3,1,1,2,1,1,1,0,0,0,0,1,171,Amman,Rabieh Circle,0,0,544.0,93024.0,1,0,8,3,544.0,1,67,86244.42673747029,6779.57326252971,7.29,80K-120K
A394,7,122,3,1,1,3,1,1,1,0,0,0,0,1,170,Amman,Rabieh Circle,0,0,558.8235294117648,95000.00000000001,1,0,9,3,558.82,1,67,86357.39278056115,8642.607219438869,9.1,80K-120K
A395,9,132,3,1,0,3,1,1,1,1,10,0,1,1,180,Amman,Rabieh Circle,0,0,433.0,77940.0,1,0,8,15,433.0,1,67,80771.4480586122,-2831.4480586121936,-3.63,50K-80K
A396,12,102,3,1,1,3,1,1,1,1,0,0,0,0,185,Amman,Rabieh Circle,0,0,541.0,100085.0,1,0,9,3,541.0,1,67,106279.28593330814,-6194.285933308143,-6.19,80K-120K
A397,15,121,3,1,1,3,1,1,1,0,0,0,0,1,175,Amman,Rabieh Circle,0,0,457.0,79975.0,1,0,9,3,457.0,1,67,82330.83983212749,-2355.839832127487,-2.95,50K-80K
A398,18,122,3,1,0,2,1,0,0,0,0,0,0,1,140,Amman,Rabieh Circle,0,0,536.0,75040.0,1,0,7,1,536.0,1,67,72749.3985343043,2290.6014656956977,3.05,50K-80K
A399,6,131,3,1,1,2,1,1,0,0,0,0,0,1,113,Amman,Jabal Husien,0,0,518.0,58534.0,1,0,8,2,518.0,1,50,42169.92726507258,16364.072734927417,27.96,50K-80K
A400,20,141,3,1,1,3,1,1,0,0,0,0,0,1,138,Amman,Jabal Husien,0,0,312.0,43056.0,1,0,9,2,312.0,1,50,44767.889206416075,-1711.8892064160755,-3.98,Under 50K
A401,8,-101,3,1,1,3,1,1,0,0,0,0,0,0,149,Amman,Rabieh Circle,1,4,800.0,119200.0,0,1,9,1,800.0,1,67,81320.96857269279,37879.031427307214,31.78,80K-120K
A402,14,111,3,1,1,3,1,1,1,0,0,0,0,1,160,Amman,Sabea Circle,0,0,469.0,75040.0,1,0,9,3,469.0,1,69,76655.55242008239,-1615.5524200823857,-2.15,50K-80K
A403,16,101,2,1,0,2,1,1,0,0,0,0,0,0,85,Amman,Sabea Circle,0,0,764.0,64940.0,1,0,6,1,764.0,1,69,44310.58960522208,20629.410394777922,31.77,50K-80K
A404,8,131,5,1,1,6,1,1,1,1,0,1,1,1,325,Amman,Sabea Circle,0,0,647.0,210275.0,1,0,14,6,647.0,1,69,206629.39754766648,3645.602452333522,1.73,Above 180K
A405,4,122,2,1,1,2,1,1,0,0,0,0,0,1,130,Amman,Sabea Circle,0,0,692.0,89960.0,1,0,7,2,692.0,1,69,83019.63915025801,6940.360849741992,7.71,80K-120K
A406,1,111,3,1,1,3,1,1,0,0,0,0,0,1,135,Amman,Abu Alanda,0,0,430.0,58050.0,1,0,9,2,430.0,1,4,58117.37514533224,-67.37514533224021,-0.12,50K-80K
A407,3,112,3,1,1,3,1,1,0,0,0,0,0,1,146,Amman,Abu Alanda,0,0,377.0,55042.0,1,0,9,2,377.0,1,4,57938.15930289555,-2896.1593028955467,-5.26,50K-80K
A408,1,131,3,1,1,3,1,1,1,0,0,0,0,1,147,Amman,Abu Alanda,0,0,401.0,58947.0,1,0,9,3,401.0,1,4,58655.9704989897,291.0295010103,0.49,50K-80K
A409,5,101,3,1,1,3,1,1,1,1,0,0,0,0,159,Amman,Abu Alanda,0,0,409.0,65031.0,1,0,9,3,409.0,1,4,63593.64169167766,1437.358308322342,2.21,50K-80K
A410,3,111,4,1,1,3,1,1,0,0,0,0,0,1,164,Amman,Abu Alanda,0,0,409.0,67076.0,1,0,10,2,409.0,1,4,65399.103849295665,1676.896150704335,2.5,50K-80K
A411,2,101,4,1,1,4,1,1,1,1,0,0,0,0,160,Amman,Abu Alanda,0,0,400.0,64000.0,1,0,11,3,400.0,1,4,65469.526048099804,-1469.526048099804,-2.3,50K-80K
A412,1,101,3,1,1,3,1,1,0,1,0,0,0,0,150,Amman,Abu Alanda,0,0,467.0,70050.0,1,0,9,2,467.0,1,4,67658.6425366867,2391.3574633132957,3.41,50K-80K
A413,1,111,3,1,1,3,1,1,0,0,0,0,0,1,120,Amman,Abu Alanda,0,0,375.0,45000.0,1,0,9,2,375.0,1,4,47604.24340763261,-2604.24340763261,-5.79,Under 50K
A414,2,101,3,1,1,3,1,1,0,0,0,0,0,0,138,Amman,Abu Alanda,0,0,449.0,61962.0,1,0,9,1,449.0,1,4,60547.05947132093,1414.9405286790716,2.28,50K-80K
A415,3,102,3,1,1,3,1,1,1,0,0,0,0,1,165,Amman,Shafa Badran,0,0,467.0,77055.0,1,0,9,3,467.0,1,73,79447.70488702705,-2392.704887027052,-3.11,50K-80K
A416,10,111,3,1,1,3,1,1,1,0,0,0,0,1,166,Amman,Abu Nsair,0,0,313.0,51958.0,1,0,9,3,313.0,1,5,76829.10095626571,-24871.100956265713,-47.87,50K-80K
A417,6,122,3,1,1,3,1,1,1,0,0,0,0,1,150,Amman,Abu Nsair,0,0,373.0,55950.0,1,0,9,3,373.0,1,5,57034.21912444119,-1084.219124441188,-1.94,50K-80K
A418,4,121,3,1,1,3,1,1,1,0,0,0,0,1,190,Amman,Abu Nsair,0,0,444.7368421052632,84500.0,1,0,9,3,444.74,1,5,87711.02320058804,-3211.023200588039,-3.8,80K-120K
A419,20,131,4,1,1,2,1,1,1,0,0,0,0,1,200,Amman,Abu Nsair,0,0,275.0,55000.0,1,0,9,3,275.0,1,5,55430.33591395494,-430.33591395494295,-0.78,50K-80K
A420,3,101,3,1,1,3,1,1,0,1,0,0,0,0,170,Amman,Abu Nsair,0,0,371.0,63070.0,1,0,9,2,371.0,1,5,67154.88243870281,-4084.8824387028144,-6.48,50K-80K
A421,10,-112,2,1,1,2,1,1,0,0,0,0,0,0,88,Amman,Tbarbour,0,0,330.0,29040.0,0,1,7,1,330.0,1,78,31852.498073201466,-2812.4980732014665,-9.68,Under 50K
A422,16,102,4,1,1,3,1,1,1,1,0,0,0,0,180,Amman,Dahyet Al Rasheed,0,0,625.0,112500.0,1,0,10,3,625.0,1,39,104847.25985298253,7652.740147017466,6.8,80K-120K
A423,25,121,4,1,1,4,1,1,0,0,0,0,1,1,345,Amman,Tlaa Al Ali,0,0,680.0,234600.0,1,0,11,3,680.0,1,79,233216.69389749208,1383.3061025079223,0.59,Above 180K
A424,12,101,4,1,1,3,1,1,1,1,1,0,1,0,283,Irbid,Edun,0,0,450.0,127350.0,1,0,10,5,450.0,3,43,130257.32581180666,-2907.3258118066587,-2.28,120K-180K
A425,9,132,2,1,1,1,2,1,0,0,0,0,0,1,90,Amman,Swayleh,0,0,400.0,36000.0,1,0,7,2,400.0,1,77,30710.715703304897,5289.284296695103,14.69,Under 50K
A426,7,112,2,1,1,2,1,0,0,0,0,0,0,1,92,Aqaba,Al Tasaa,0,0,380.0,34960.0,1,0,7,1,380.0,2,30,32208.56536125044,2751.4346387495607,7.87,Under 50K
A427,16,-112,2,1,1,2,1,1,0,1,0,0,0,0,111,Zarqa,Al Batrawi,0,0,300.0,33300.0,0,1,7,2,300.0,7,12,32527.315839286348,772.6841607136521,2.32,Under 50K
A428,13,101,3,1,1,3,1,1,1,1,0,0,0,0,179,Amman,Safoot,0,0,170.0,30430.0,1,0,9,3,170.0,1,70,35227.715673033206,-4797.715673033206,-15.77,Under 50K
A429,30,121,3,1,1,3,1,1,0,0,0,0,0,1,221,Amman,Tlaa Al Ali,0,0,480.0,106080.0,1,0,9,2,480.0,1,79,108056.96960933402,-1976.9696093340172,-1.86,80K-120K
A430,12,122,2,1,1,2,1,1,0,0,0,0,0,1,149,Amman,Tlaa Al Ali,0,0,600.0,89400.0,1,0,7,2,600.0,1,79,82667.26227106375,6732.7377289362485,7.53,80K-120K
A431,3,-101,3,1,1,2,1,1,0,1,0,0,0,0,120,Amman,Tbarbour,0,0,400.0,48000.0,0,1,8,2,400.0,1,78,51033.85745551254,-3033.857455512538,-6.32,Under 50K
A432,3,-102,3,1,1,2,1,1,0,0,0,0,0,0,114,Amman,Tbarbour,0,0,400.0,45600.0,0,1,8,1,400.0,1,78,46416.797866966954,-816.7978669669537,-1.79,Under 50K
A433,3,102,3,1,1,2,1,1,1,0,0,0,0,0,114,Amman,Tbarbour,0,0,500.0,57000.0,1,0,8,2,500.0,1,78,52179.19117830689,4820.808821693106,8.46,50K-80K
A434,3,111,2,1,1,2,1,1,1,0,0,0,0,1,120,Amman,Tbarbour,0,0,480.0,57600.0,1,0,7,3,480.0,1,78,48863.53089675902,8736.469103240983,15.17,50K-80K
A435,14,122,2,1,1,2,1,0,0,0,0,0,0,0,129,Irbid,Mrdamah,0,0,180.0,23220.0,1,0,7,0,180.0,3,63,26337.873624552274,-3117.873624552274,-13.43,Under 50K
A436,5,-121,3,1,1,2,1,1,1,0,0,0,0,1,150,Amman,Yajouz,0,0,420.0,63000.0,0,1,8,3,420.0,1,86,65489.86852966297,-2489.86852966297,-3.95,50K-80K
A437,3,131,3,1,1,3,1,1,1,0,0,1,1,1,199,Amman,Al Nwejes,1,3,550.0,109450.0,1,0,9,5,550.0,1,22,149550.13861282734,-40100.138612827344,-36.64,80K-120K
A438,3,131,3,1,1,3,1,1,1,0,0,1,1,1,201,Amman,Shmesani,0,0,885.0,177885.0,1,0,9,5,885.0,1,75,167683.14885740375,10201.85114259625,5.74,120K-180K
A439,4,111,4,1,1,3,1,1,1,0,0,0,0,1,193,Amman,Yadude,0,0,530.0,102290.0,1,0,10,3,530.0,1,85,96722.839947252,5567.160052748004,5.44,80K-120K
A440,9,131,2,1,1,2,1,1,1,0,0,0,0,1,142,Amman,Tbarbour,0,0,220.0,31240.0,1,0,7,3,220.0,1,78,44189.236924095225,-12949.236924095225,-41.45,Under 50K
A441,9,112,3,1,1,4,1,0,0,0,0,0,0,1,171,Amman,Khrabet Al Souq,0,0,226.0,38646.0,1,0,10,1,226.0,1,53,44819.28329370026,-6173.28329370026,-15.97,Under 50K
A442,9,102,3,1,1,3,1,0,0,1,0,0,0,0,171,Amman,Khrabet Al Souq,0,0,262.0,44802.0,1,0,9,1,262.0,1,53,68495.35984954791,-23693.35984954791,-52.88,Under 50K
A443,9,121,2,1,1,2,1,0,0,0,0,0,0,0,125,Amman,Khrabet Al Souq,0,0,125.0,15625.0,1,0,7,0,125.0,1,53,22672.108760878746,-7047.108760878746,-45.1,Under 50K
A444,15,-101,2,1,1,2,1,1,0,0,0,0,0,0,108,Amman,Tlaa Al Ali,0,0,700.0,75600.0,0,1,7,1,700.0,1,79,50471.4025342105,25128.5974657895,33.24,50K-80K
A445,3,-112,3,1,1,2,1,0,1,0,1,0,0,1,185,Amman,Yajouz,0,0,460.0,85100.0,0,1,8,3,460.0,1,86,86565.55029391461,-1465.55029391461,-1.72,80K-120K
A446,4,101,3,1,1,3,1,1,1,1,0,0,1,0,180,Amman,Yajouz,0,0,500.0,90000.0,1,0,9,4,500.0,1,86,89773.14731827979,226.85268172020733,0.25,80K-120K
A447,8,101,2,1,0,2,1,0,0,0,0,0,0,0,72,Amman,Jabal El Zuhoor,0,0,403.0,29016.0,1,0,6,0,403.0,1,49,29713.032948622218,-697.0329486222181,-2.4,Under 50K
A448,1,132,6,1,1,6,1,1,1,1,0,1,1,1,270,Amman,Jabal El Zuhoor,0,0,481.0,129870.0,1,0,15,6,481.0,1,49,131578.32675923413,-1708.326759234129,-1.32,120K-180K
A449,9,102,4,1,1,3,1,1,1,0,0,0,0,0,157,Amman,Jabal El Zuhoor,1,2,445.859872611465,70000.0,1,0,10,2,445.86,1,49,67028.04473372393,2971.955266276069,4.25,50K-80K
A450,18,101,3,1,1,2,1,1,0,0,0,0,0,0,133,Amman,Jabal El Zuhoor,0,0,301.0,40033.0,1,0,8,1,301.0,1,49,42601.85236587017,-2568.852365870167,-6.42,Under 50K
A451,12,-101,2,1,1,1,1,0,0,0,0,0,0,0,85,Amman,Jabal El Zuhoor,0,0,359.0,30515.0,0,1,6,0,359.0,1,49,28984.259868554193,1530.7401314458075,5.02,Under 50K
A452,5,101,3,1,1,2,1,1,1,0,0,0,0,0,141,Amman,Dahyet Alhaj Hasan,0,0,390.0,54990.0,1,0,8,2,390.0,1,41,54543.99674705672,446.0032529432792,0.81,50K-80K
A453,14,102,3,1,1,2,1,1,0,0,0,0,0,0,121,Amman,Dahyet Alhaj Hasan,0,0,306.0,37026.0,1,0,8,1,306.0,1,41,38170.25068038848,-1144.2506803884826,-3.09,Under 50K
A454,17,122,3,1,1,3,1,1,0,0,0,0,0,1,142,Amman,Dahyet Alhaj Hasan,0,0,359.0,50978.0,1,0,9,2,359.0,1,41,53433.50797946373,-2455.5079794637277,-4.82,50K-80K
A455,18,101,3,1,1,3,1,1,0,1,1,0,0,0,208,Amman,Dahyet Alhaj Hasan,0,0,346.0,71968.0,1,0,9,3,346.0,1,41,75159.15612592502,-3191.1561259250157,-4.43,50K-80K
A456,1,-102,3,1,1,3,1,1,0,0,1,0,0,0,157,Amman,Dahyet Alhaj Hasan,0,0,414.0,64998.0,0,1,9,2,414.0,1,41,68108.35265069875,-3110.3526506987546,-4.79,50K-80K
A457,16,122,3,1,1,2,1,1,1,0,0,0,0,1,141,Amman,Dahyet Alhaj Hasan,0,0,300.0,42300.0,1,0,8,3,300.0,1,41,48482.66869588324,-6182.668695883243,-14.62,Under 50K
A458,4,121,4,1,0,2,1,1,1,0,0,0,0,1,141,Amman,Dahyet Alhaj Hasan,0,0,370.0,52170.0,1,0,8,3,370.0,1,41,58349.017205399905,-6179.017205399905,-11.84,50K-80K
A459,8,122,3,1,1,2,1,1,1,0,0,0,0,1,125,Amman,Yadude,0,0,640.0,80000.0,1,0,8,3,640.0,1,85,74689.8175603402,5310.182439659795,6.64,50K-80K
A460,1,111,3,1,1,3,1,1,1,0,0,0,0,1,135,Amman,Um Nawara,0,0,437.0,58995.0,1,0,9,3,437.0,1,81,62519.79464758341,-3524.7946475834106,-5.97,50K-80K
A461,5,112,3,1,1,3,1,1,1,0,0,0,0,1,133,Amman,Um Nawara,0,0,323.0,42959.0,1,0,9,3,323.0,1,81,50385.498310616844,-7426.498310616844,-17.29,Under 50K
A462,9,101,4,1,1,3,1,1,1,0,0,0,0,0,142,Amman,Um Nawara,0,0,422.53521126760563,60000.0,1,0,10,2,422.54,1,81,61890.29853906812,-1890.2985390681206,-3.15,50K-80K
A463,8,101,3,1,1,3,1,1,1,1,1,0,1,0,350,Amman,Um Nawara,0,0,283.0,99050.0,1,0,9,5,283.0,1,81,102129.69502372429,-3079.6950237242854,-3.11,80K-120K
A464,7,131,2,1,1,2,1,1,1,0,0,0,0,1,124,Amman,Um Nawara,0,0,370.0,45880.0,1,0,7,3,370.0,1,81,47267.79595897676,-1387.7959589767634,-3.02,Under 50K
A465,3,111,3,1,1,3,1,1,1,0,0,0,0,1,130,Amman,Um Nawara,0,0,415.0,53950.0,1,0,9,3,415.0,1,81,56333.164178779705,-2383.1641787797053,-4.42,50K-80K
A466,18,141,2,1,0,2,1,0,0,0,0,0,0,0,114,Amman,Um Nawara,0,0,307.0,34998.0,1,0,6,0,307.0,1,81,34290.50763903357,707.4923609664329,2.02,Under 50K
A467,19,122,3,1,1,2,1,1,0,0,0,0,0,1,110,Amman,Al Manara,0,0,273.0,30030.0,1,0,8,2,273.0,1,18,33547.07112204398,-3517.071122043977,-11.71,Under 50K
A468,18,-101,3,1,1,2,1,1,0,0,1,0,0,1,126,Amman,Al Manara,0,0,294.0,37044.0,0,1,8,3,294.0,1,18,39755.31060427891,-2711.3106042789077,-7.32,Under 50K
A469,13,121,3,1,1,2,1,1,0,0,0,0,0,1,110,Amman,Al Manara,0,0,270.0,29700.0,1,0,8,2,270.0,1,18,35848.92847517636,-6148.928475176363,-20.7,Under 50K
A470,9,122,3,1,1,2,1,1,0,0,0,0,0,1,137,Amman,Al Manara,0,0,288.3211678832117,39500.0,1,0,8,2,288.32,1,18,47442.796050367244,-7942.796050367244,-20.11,Under 50K
A471,20,101,3,1,1,2,1,1,1,0,1,0,0,1,288,Amman,Al Manara,0,0,181.0,52128.0,1,0,8,4,181.0,1,18,53411.80215799952,-1283.8021579995184,-2.46,50K-80K
A472,7,102,3,1,1,2,1,1,0,0,0,0,0,0,127,Amman,Jabal Al Naser,0,0,315.0,40005.0,1,0,8,1,315.0,1,48,46937.80499606208,-6932.804996062077,-17.33,Under 50K
A473,5,121,3,1,1,3,1,1,0,0,0,0,0,1,136,Amman,Jabal Al Naser,0,0,309.0,42024.0,1,0,9,2,309.0,1,48,51911.14036172298,-9887.14036172298,-23.53,Under 50K
A474,1,111,2,1,1,3,1,1,0,0,0,0,0,1,98,Amman,Hay Aden,0,0,398.0,39004.0,1,0,8,2,398.0,1,46,41081.86843936299,-2077.8684393629883,-5.33,Under 50K
A475,2,132,3,1,1,4,1,1,1,1,0,1,1,1,190,Amman,Hay Aden,0,0,300.0,57000.0,1,0,10,6,300.0,1,46,61496.89226935918,-4496.892269359181,-7.89,50K-80K
A476,8,-102,3,1,1,3,1,1,1,0,0,0,0,0,145,Amman,Hay Aden,0,0,303.0,43935.0,0,1,9,2,303.0,1,46,53578.9389479224,-9643.938947922397,-21.95,Under 50K
A477,5,112,2,1,1,3,1,1,0,0,0,0,0,1,137,Amman,Hay Aden,0,0,401.0,54937.0,1,0,8,2,401.0,1,46,52625.72357357136,2311.276426428638,4.21,50K-80K
A478,2,122,3,1,1,3,1,1,0,0,0,0,0,1,146,Amman,Hay Aden,0,0,405.0,59130.0,1,0,9,2,405.0,1,46,60682.10372017503,-1552.1037201750296,-2.62,50K-80K
A479,16,101,2,1,1,2,1,1,0,0,0,0,0,0,95,Amman,Hay Aden,0,0,380.0,36100.0,1,0,7,1,380.0,1,46,31249.938609371384,4850.061390628616,13.44,Under 50K
A480,1,131,4,1,1,4,1,1,1,0,0,1,1,1,230,Irbid,Sharee Al Petra,0,0,404.0,92920.0,1,0,11,5,404.0,3,74,92905.41239815345,14.58760184654966,0.02,80K-120K
A481,3,-101,3,1,1,3,1,1,0,0,0,0,0,0,143,Irbid,Sharee Al Petra,0,0,332.0,47476.0,0,1,9,1,332.0,3,74,51323.43454364492,-3847.434543644922,-8.1,Under 50K
A482,2,101,3,1,1,3,1,1,1,0,1,0,0,1,202,Irbid,Sharee Al Petra,0,0,475.0,95950.0,1,0,9,4,475.0,3,74,97364.50688831597,-1414.5068883159693,-1.47,80K-120K
A483,1,102,3,1,1,2,1,1,0,1,0,0,0,0,141,Irbid,Sharee Al Petra,0,0,613.0,86433.0,1,0,8,2,613.0,3,74,81796.46826818235,4636.531731817653,5.36,80K-120K
A484,2,101,3,1,1,3,1,1,0,1,0,0,0,0,202,Irbid,Sharee Al Petra,0,0,436.0,88072.0,1,0,9,2,436.0,3,74,87556.67394607195,515.3260539280454,0.59,80K-120K
A485,7,101,3,1,1,3,1,1,0,0,0,0,0,0,153,Irbid,Sharee Al Petra,0,0,359.0,54927.0,1,0,9,1,359.0,3,74,51648.0642438294,3278.9357561705983,5.97,50K-80K
A486,3,112,3,1,1,3,1,1,1,0,0,0,0,1,180,Irbid,Sharee Al Petra,0,0,416.0,74880.0,1,0,9,3,416.0,3,74,71387.8136591329,3492.186340867105,4.66,50K-80K
A487,9,131,3,1,1,3,1,1,0,0,0,0,0,1,148,Irbid,Al Hasen,0,0,284.0,42032.0,1,0,9,2,284.0,3,15,45496.00988604214,-3464.009886042142,-8.24,Under 50K
A488,13,112,3,1,1,3,1,1,1,0,0,0,0,1,186,Irbid,Al Hasen,0,0,323.0,60078.0,1,0,9,3,323.0,3,15,53167.707686153204,6910.292313846796,11.5,50K-80K
A489,2,101,1,1,1,3,1,1,0,1,0,0,0,0,181,Irbid,Al Hasen,0,0,259.0,46879.0,1,0,7,2,259.0,3,15,51305.39572966016,-4426.395729660158,-9.44,Under 50K
A490,1,132,3,1,1,3,1,1,1,0,0,0,0,1,180,Irbid,Al Hasen,0,0,344.44444444444446,62000.0,1,0,9,3,344.44,3,15,64185.42247203926,-2185.4224720392594,-3.52,50K-80K
A491,1,111,3,1,1,3,1,1,1,0,0,0,0,1,130,Irbid,Edun,0,0,338.0,43940.0,1,0,9,3,338.0,3,43,46471.366721268394,-2531.366721268394,-5.76,Under 50K
A492,12,122,4,1,1,3,1,1,1,0,0,0,0,1,231,Irbid,Natfah,0,0,285.0,65835.0,1,0,10,3,285.0,3,64,70880.50654918753,-5045.506549187528,-7.66,50K-80K
A493,20,-101,3,1,0,3,1,1,0,0,0,0,0,0,127,Salt,Al Baqea,0,0,275.0,34925.0,0,1,8,1,275.0,6,10,36212.94815901405,-1287.9481590140495,-3.69,Under 50K
A494,7,121,3,1,1,2,1,1,1,0,0,0,0,1,151,Amman,Dair Ghbar,0,0,430.0,64930.0,1,0,8,3,430.0,1,42,60449.70921951594,4480.290780484058,6.9,50K-80K
A495,11,132,3,1,1,3,1,1,1,0,0,0,0,1,197,Amman,Naur,0,0,700.0,137900.0,1,0,9,3,700.0,1,65,113930.3912281388,23969.608771861196,17.38,120K-180K
A496,15,111,3,1,1,2,1,1,0,0,0,0,0,1,192,Amman,Naur,0,0,450.0,86400.0,1,0,8,2,450.0,1,65,85627.4896638193,772.5103361806978,0.89,80K-120K
A497,15,101,3,1,1,3,1,1,0,0,1,0,0,0,192,Amman,Naur,0,0,500.0,96000.0,1,0,9,2,500.0,1,65,87243.66585875108,8756.334141248924,9.12,80K-120K
A498,11,101,3,1,1,3,1,1,1,1,0,0,0,1,195,Aqaba,Al Sabaa,0,0,600.0,117000.0,1,0,9,4,600.0,2,25,112640.07783700072,4359.922162999283,3.73,80K-120K
A499,17,132,3,1,1,2,1,1,0,0,0,0,0,0,118,Zarqa,Wadi Al Hajar,0,0,300.0,35400.0,1,0,8,1,300.0,7,82,33267.54885122028,2132.451148779721,6.02,Under 50K
A500,22,122,2,1,1,2,1,1,0,0,0,0,0,1,103,Amman,Ashrafeyeh,0,0,165.0,16995.0,1,0,7,2,165.0,1,34,20251.042361485597,-3256.042361485597,-19.16,Under 50K
A501,15,121,3,1,1,2,1,1,0,0,0,0,0,0,194,Irbid,Al Sareeh,0,0,100.0,19400.0,1,0,8,1,100.0,3,27,23082.34881220938,-3682.3488122093804,-18.98,Under 50K
A502,6,122,3,1,1,3,1,1,1,0,0,0,0,1,174,Amman,Dair Ghbar,0,0,530.0,92220.0,1,0,9,3,530.0,1,42,90880.67738373409,1339.322616265912,1.45,80K-120K
A503,12,-101,3,1,1,3,1,1,1,0,1,0,0,0,156,Amman,Naur,0,0,450.0,70200.0,0,1,9,3,450.0,1,65,75836.38878678065,-5636.388786780648,-8.03,50K-80K
A504,11,101,3,1,1,3,1,1,1,1,0,0,0,0,180,Madaba,Khrabet Hanena,0,0,400.0,72000.0,1,0,9,3,400.0,5,54,74344.27161491252,-2344.271614912519,-3.26,50K-80K
A505,12,-101,3,1,1,2,1,1,0,1,0,0,0,0,144,Amman,Wadi Al Sair,0,0,650.0,93600.0,0,1,8,2,650.0,1,83,91488.81502203987,2111.1849779601325,2.26,80K-120K
A506,16,122,1,1,1,1,1,1,0,0,0,0,0,0,66,Aqaba,Al Tasaa,0,0,300.0,19800.0,1,0,5,1,300.0,2,30,22388.501284110276,-2588.501284110276,-13.07,Under 50K
A507,12,131,3,1,1,3,1,1,1,0,0,0,0,1,161,Amman,Shmesani,0,0,520.0,83720.0,1,0,9,3,520.0,1,75,80118.7227565061,3601.277243493896,4.3,80K-120K
A508,30,101,3,1,1,3,1,1,0,0,1,0,0,0,212,Amman,Wadi Al Sair,0,0,350.0,74200.0,1,0,9,2,350.0,1,83,77720.07940261714,-3520.079402617135,-4.74,50K-80K
A509,19,133,2,1,0,2,1,1,0,0,0,0,0,0,101,Zarqa,Wadi Al Hajar,0,0,220.0,22220.0,1,0,6,1,220.0,7,82,22100.55067323337,119.44932676662938,0.54,Under 50K
A510,3,-101,3,1,1,4,1,1,1,0,1,0,0,0,233,Amman,Bunayat,0,0,644.0,150052.0,0,1,10,3,644.0,1,36,143494.87571268133,6557.124287318671,4.37,120K-180K
A511,3,-102,3,1,1,4,1,1,1,0,1,0,0,0,243,Amman,Bunayat,0,0,658.0,159894.0,0,1,10,3,658.0,1,36,145874.6732976183,14019.326702381688,8.77,120K-180K
A512,3,101,3,1,1,4,1,1,1,1,1,0,0,0,233,Amman,Bunayat,0,0,536.0,124888.0,1,0,10,4,536.0,1,36,134065.43914350984,-9177.439143509837,-7.35,120K-180K
A513,3,102,3,1,1,4,1,1,1,1,1,0,0,0,243,Amman,Bunayat,0,0,535.0,130005.0,1,0,10,4,535.0,1,36,135173.0623204221,-5168.06232042209,-3.98,120K-180K
A514,3,111,3,1,1,4,1,1,1,0,0,0,0,1,233,Amman,Bunayat,0,0,541.0,126053.0,1,0,10,3,541.0,1,36,128036.13637370752,-1983.1363737075153,-1.57,120K-180K
A515,3,112,3,1,1,4,1,1,1,0,0,0,0,1,243,Amman,Bunayat,0,0,523.0,127089.0,1,0,10,3,523.0,1,36,128440.87458735231,-1351.8745873523148,-1.06,120K-180K
A516,3,121,3,1,1,4,1,1,1,0,0,0,0,1,233,Amman,Bunayat,0,0,558.0,130014.0,1,0,10,3,558.0,1,36,128036.13637370752,1977.8636262924847,1.52,120K-180K
A517,3,122,3,1,1,4,1,1,1,0,0,0,0,1,243,Amman,Bunayat,0,0,540.0,131220.0,1,0,10,3,540.0,1,36,128440.87458735231,2779.125412647685,2.12,120K-180K
A518,3,131,3,1,1,5,1,1,1,1,0,1,0,1,281,Amman,Bunayat,0,0,541.0,152021.0,1,0,11,5,541.0,1,36,137592.79979043637,14428.200209563627,9.49,120K-180K
A519,3,132,3,1,1,5,1,1,1,1,0,1,1,1,292,Amman,Bunayat,0,0,548.0,160016.0,1,0,11,6,548.0,1,36,152984.3818168912,7031.618183108803,4.39,120K-180K
A520,2,-101,3,1,1,4,1,1,1,0,1,0,0,0,195,Amman,Bunayat,0,0,590.0,115050.0,0,1,10,3,590.0,1,36,109361.94085710526,5688.059142894737,4.94,80K-120K
A521,2,101,3,1,1,4,1,1,1,1,0,0,0,0,195,Amman,Bunayat,0,0,564.0,109980.0,1,0,10,3,564.0,1,36,110989.21419502891,-1009.2141950289079,-0.92,80K-120K
A522,2,102,3,1,1,4,1,1,1,1,1,0,0,0,200,Amman,Bunayat,0,0,570.0,114000.0,1,0,10,4,570.0,1,36,115032.41513614837,-1032.4151361483673,-0.91,80K-120K
A523,2,111,3,1,1,4,1,1,1,0,0,0,0,1,195,Amman,Bunayat,0,0,538.0,104910.0,1,0,10,3,538.0,1,36,107821.95985758964,-2911.959857589638,-2.78,80K-120K
A524,2,112,3,1,1,4,1,1,1,0,0,0,0,1,200,Amman,Bunayat,0,0,550.0,110000.0,1,0,10,3,550.0,1,36,109348.83957720733,651.1604227926728,0.59,80K-120K
A525,2,121,3,1,1,4,1,1,1,0,0,0,0,1,195,Amman,Bunayat,0,0,513.0,100035.0,1,0,10,3,513.0,1,36,107821.95985758964,-7786.959857589638,-7.78,80K-120K
A526,2,122,3,1,1,4,1,1,1,0,0,0,0,1,200,Amman,Bunayat,0,0,555.0,111000.0,1,0,10,3,555.0,1,36,109348.83957720733,1651.1604227926728,1.49,80K-120K
A527,2,131,3,1,1,5,1,1,1,1,0,1,1,1,235,Amman,Bunayat,0,0,519.0,121965.0,1,0,11,6,519.0,1,36,125672.14137800099,-3707.14137800099,-3.04,120K-180K
A528,2,132,3,1,1,5,1,1,1,1,0,1,1,1,240,Amman,Bunayat,0,0,508.0,121920.0,1,0,11,6,508.0,1,36,125672.14137800099,-3752.14137800099,-3.08,120K-180K
A529,9,-101,3,1,1,3,1,1,0,0,1,0,0,0,168,Amman,Bunayat,0,0,565.0,94920.0,0,1,9,2,565.0,1,36,95162.3203096003,-242.32030960029806,-0.26,80K-120K
A530,9,-102,3,1,1,3,1,1,0,0,1,0,0,0,168,Amman,Bunayat,0,0,655.0,110040.0,0,1,9,2,655.0,1,36,95162.3203096003,14877.679690399702,13.52,80K-120K
A531,9,101,3,1,1,3,1,1,1,1,0,0,0,0,172,Amman,Bunayat,0,0,581.0,99932.0,1,0,9,3,581.0,1,36,101275.36729852541,-1343.3672985254088,-1.34,80K-120K
A532,9,102,3,1,1,3,1,1,0,1,0,0,0,0,168,Amman,Bunayat,0,0,570.0,95760.0,1,0,9,2,570.0,1,36,101136.41011487292,-5376.410114872924,-5.61,80K-120K
A533,9,111,3,1,1,3,1,1,1,0,0,0,0,1,172,Amman,Bunayat,0,0,552.0,94944.0,1,0,9,3,552.0,1,36,90439.4062483583,4504.593751641703,4.74,80K-120K
A534,9,112,3,1,1,3,1,1,0,0,0,0,0,1,168,Amman,Bunayat,0,0,536.0,90048.0,1,0,9,2,536.0,1,36,90300.44906470581,-252.4490647058119,-0.28,80K-120K
A535,9,121,3,1,1,3,1,1,1,0,0,0,0,1,172,Amman,Bunayat,0,0,564.0,97008.0,1,0,9,3,564.0,1,36,90439.4062483583,6568.593751641703,6.77,80K-120K
A536,9,122,3,1,1,3,1,1,0,0,0,0,0,1,168,Amman,Bunayat,0,0,506.0,85008.0,1,0,9,2,506.0,1,36,90300.44906470581,-5292.449064705812,-6.23,80K-120K
A537,9,131,3,1,1,3,1,1,1,0,0,0,0,1,172,Amman,Bunayat,0,0,523.0,89956.0,1,0,9,3,523.0,1,36,90439.4062483583,-483.4062483582966,-0.54,80K-120K
A538,9,132,3,1,1,3,1,1,0,0,0,0,0,1,168,Amman,Bunayat,0,0,518.0,87024.0,1,0,9,2,518.0,1,36,90300.44906470581,-3276.449064705812,-3.76,80K-120K
A539,5,-101,3,1,1,4,1,1,1,0,1,0,0,0,230,Amman,Bunayat,0,0,478.0,109940.0,0,1,10,3,478.0,1,36,139735.1249871555,-29795.12498715549,-27.1,80K-120K
A540,5,101,3,1,1,4,1,1,1,1,0,0,0,0,230,Amman,Bunayat,0,0,522.0,120060.0,1,0,10,3,522.0,1,36,146133.79566611134,-26073.795666111342,-21.72,120K-180K
A541,5,102,3,1,1,3,1,1,1,1,1,0,0,0,196,Amman,Bunayat,0,0,587.0,115052.0,1,0,9,4,587.0,1,36,118837.61635527298,-3785.616355272985,-3.29,80K-120K
A542,5,111,3,1,1,4,1,1,1,0,0,0,0,1,230,Amman,Bunayat,0,0,491.0,112930.0,1,0,10,3,491.0,1,36,121972.49192133347,-9042.491921333465,-8.01,80K-120K
A543,5,112,3,1,1,3,1,1,1,0,0,0,0,1,196,Amman,Bunayat,0,0,536.0,105056.0,1,0,9,3,536.0,1,36,108830.77819199473,-3774.77819199473,-3.59,80K-120K
A544,5,121,3,1,1,4,1,1,1,0,0,0,0,1,230,Amman,Bunayat,0,0,500.0,115000.0,1,0,10,3,500.0,1,36,121972.49192133347,-6972.491921333465,-6.06,80K-120K
A545,5,122,3,1,1,3,1,1,1,0,0,0,0,1,196,Amman,Bunayat,0,0,485.0,95060.0,1,0,9,3,485.0,1,36,108830.77819199473,-13770.77819199473,-14.49,80K-120K
A546,5,131,4,1,1,5,1,1,1,1,0,0,1,1,280,Amman,Bunayat,0,0,429.0,120120.0,1,0,12,5,429.0,1,36,124414.84661262693,-4294.846612626934,-3.58,120K-180K
A547,5,132,4,1,1,5,1,1,1,1,0,1,1,1,237,Amman,Bunayat,0,0,506.0,119922.0,1,0,12,6,506.0,1,36,122530.5582663448,-2608.5582663448004,-2.18,80K-120K
A548,12,-101,3,1,1,3,1,1,1,0,0,0,0,0,167,Amman,Bunayat,0,0,539.0,90013.0,0,1,9,2,539.0,1,36,90524.91197213475,-511.91197213475243,-0.57,80K-120K
A549,12,-102,3,1,1,3,1,1,1,0,1,0,0,0,167,Amman,Bunayat,0,0,599.0,100033.0,0,1,9,3,599.0,1,36,91603.26223904535,8429.737760954653,8.43,80K-120K
A550,12,101,3,1,1,3,1,1,1,1,0,0,0,0,167,Amman,Bunayat,0,0,600.0,100200.0,1,0,9,3,600.0,1,36,101000.68912043855,-800.6891204385465,-0.8,80K-120K
A551,12,102,3,1,1,3,1,1,1,1,0,0,0,0,167,Amman,Bunayat,0,0,590.0,98530.0,1,0,9,3,590.0,1,36,101000.68912043855,-2470.6891204385465,-2.51,80K-120K
A552,12,111,3,1,1,3,1,1,1,0,0,0,0,1,167,Amman,Bunayat,0,0,521.0,87007.0,1,0,9,3,521.0,1,36,90164.72807027143,-3157.7280702714343,-3.63,80K-120K
A553,12,112,3,1,1,3,1,1,1,0,0,0,0,1,167,Amman,Bunayat,0,0,540.0,90180.0,1,0,9,3,540.0,1,36,90164.72807027143,15.271929728565738,0.02,80K-120K
A554,12,121,3,1,1,3,1,1,1,0,0,0,0,1,167,Amman,Bunayat,0,0,530.0,88510.0,1,0,9,3,530.0,1,36,90164.72807027143,-1654.7280702714343,-1.87,80K-120K
A555,12,122,3,1,1,3,1,1,1,0,0,0,0,1,167,Amman,Bunayat,0,0,550.0,91850.0,1,0,9,3,550.0,1,36,90164.72807027143,1685.2719297285657,1.83,80K-120K
A556,12,131,3,1,1,3,1,1,1,0,0,0,0,1,167,Amman,Bunayat,0,0,545.0,91015.0,1,0,9,3,545.0,1,36,90164.72807027143,850.2719297285657,0.93,80K-120K
A557,12,132,3,1,1,3,1,1,1,0,0,0,0,1,167,Amman,Bunayat,0,0,534.0,89178.0,1,0,9,3,534.0,1,36,90164.72807027143,-986.7280702714343,-1.11,80K-120K
A558,12,-101,3,1,1,3,1,1,1,0,0,0,0,0,167,Amman,Bunayat,0,0,520.0,86840.0,0,1,9,2,520.0,1,36,90524.91197213475,-3684.9119721347524,-4.24,80K-120K
A559,12,-102,3,1,1,3,1,1,1,0,1,0,0,0,167,Amman,Bunayat,0,0,610.0,101870.0,0,1,9,3,610.0,1,36,91603.26223904535,10266.737760954653,10.08,80K-120K
A560,12,101,3,1,1,3,1,1,1,1,0,0,0,0,167,Amman,Bunayat,0,0,629.0,105043.0,1,0,9,3,629.0,1,36,101000.68912043855,4042.3108795614535,3.85,80K-120K
A561,12,102,3,1,1,3,1,1,1,1,0,0,0,0,167,Amman,Bunayat,0,0,660.0,110220.0,1,0,9,3,660.0,1,36,101000.68912043855,9219.310879561453,8.36,80K-120K
A562,12,111,3,1,1,3,1,1,1,0,0,0,0,1,167,Amman,Bunayat,0,0,533.0,89011.0,1,0,9,3,533.0,1,36,90164.72807027143,-1153.7280702714343,-1.3,80K-120K
A563,12,112,3,1,1,3,1,1,1,0,0,0,0,1,167,Amman,Bunayat,0,0,542.0,90514.0,1,0,9,3,542.0,1,36,90164.72807027143,349.27192972856574,0.39,80K-120K
A564,12,121,3,1,1,3,1,1,1,0,0,0,0,1,167,Amman,Bunayat,0,0,523.0,87341.0,1,0,9,3,523.0,1,36,90164.72807027143,-2823.7280702714343,-3.23,80K-120K
A565,12,122,3,1,1,3,1,1,1,0,0,0,0,1,167,Amman,Bunayat,0,0,543.0,90681.0,1,0,9,3,543.0,1,36,90164.72807027143,516.2719297285657,0.57,80K-120K
A566,12,131,3,1,1,3,1,1,1,0,0,0,0,1,167,Amman,Bunayat,0,0,525.0,87675.0,1,0,9,3,525.0,1,36,90164.72807027143,-2489.7280702714343,-2.84,80K-120K
A567,12,132,3,1,1,3,1,1,1,0,0,0,0,1,167,Amman,Bunayat,0,0,547.0,91349.0,1,0,9,3,547.0,1,36,90164.72807027143,1184.2719297285657,1.3,80K-120K
A568,1,-101,3,1,1,3,1,1,1,0,0,0,0,0,160,Amman,Bunayat,0,0,469.0,75040.0,0,1,9,2,469.0,1,36,76535.0303013941,-1495.0303013941011,-1.99,50K-80K
A569,1,-102,3,1,1,3,1,1,1,0,0,0,0,0,165,Amman,Bunayat,0,0,455.0,75075.0,0,1,9,2,455.0,1,36,83199.8531785054,-8124.853178505393,-10.82,50K-80K
A570,1,101,3,1,1,3,1,1,1,1,0,0,0,0,160,Amman,Bunayat,0,0,594.0,95040.0,1,0,9,3,594.0,1,36,94376.84431606223,663.1556839377736,0.7,80K-120K
A571,1,102,3,1,1,3,1,1,1,1,0,0,0,0,165,Amman,Bunayat,0,0,576.0,95040.0,1,0,9,3,576.0,1,36,95674.6035535632,-634.6035535631963,-0.67,80K-120K
A572,1,111,3,1,1,3,1,1,1,0,0,0,0,1,160,Amman,Bunayat,0,0,519.0,83040.0,1,0,9,3,519.0,1,36,81137.8769708774,1902.1230291225947,2.29,80K-120K
A573,1,112,3,1,1,3,1,1,1,0,0,0,0,1,165,Amman,Bunayat,0,0,503.0,82995.0,1,0,9,3,503.0,1,36,86142.46155614669,-3147.4615561466926,-3.79,80K-120K
A574,1,121,3,1,1,3,1,1,1,0,0,0,0,1,160,Amman,Bunayat,0,0,519.0,83040.0,1,0,9,3,519.0,1,36,81137.8769708774,1902.1230291225947,2.29,80K-120K
A575,1,122,3,1,1,3,1,1,1,0,0,0,0,1,165,Amman,Bunayat,0,0,506.0,83490.0,1,0,9,3,506.0,1,36,86142.46155614669,-2652.4615561466926,-3.18,80K-120K
A576,1,131,4,1,1,3,1,1,1,0,0,1,0,1,210,Amman,Bunayat,0,0,524.0,110040.0,1,0,10,4,524.0,1,36,112516.04900305784,-2476.0490030578367,-2.25,80K-120K
A577,1,132,4,1,1,3,1,1,1,0,0,1,0,1,210,Amman,Bunayat,0,0,530.0,111300.0,1,0,10,4,530.0,1,36,112516.04900305784,-1216.0490030578367,-1.09,80K-120K
A578,2,-101,2,1,1,3,1,1,0,0,0,0,0,0,140,Amman,Bunayat,0,0,483.0,67620.0,0,1,8,1,483.0,1,36,70915.12833467626,-3295.128334676265,-4.87,50K-80K
A579,2,-102,3,1,1,3,1,1,0,0,0,0,0,0,155,Amman,Bunayat,0,0,497.0,77035.0,0,1,9,1,497.0,1,36,78214.94703614182,-1179.9470361418207,-1.53,50K-80K
A580,2,101,2,1,1,3,1,1,0,0,0,0,0,0,145,Amman,Bunayat,0,0,648.0,93690.0,1,0,8,1,646.14,1,36,77537.39304056433,16152.606959435667,17.24,80K-120K
A581,2,102,3,1,1,3,1,1,0,1,0,0,0,0,160,Amman,Bunayat,0,0,645.0,103200.0,1,0,9,2,645.0,1,36,96514.19180331478,6685.808196685219,6.48,80K-120K
A582,2,111,2,1,1,3,1,1,0,0,0,0,0,1,150,Amman,Bunayat,0,0,579.0,86850.0,1,0,8,2,579.0,1,36,81673.90531631249,5176.094683687508,5.96,80K-120K
A583,2,112,3,1,1,3,1,1,0,0,0,0,0,1,160,Amman,Bunayat,0,0,581.0,92960.0,1,0,9,2,581.0,1,36,83411.8604009383,9548.139599061702,10.27,80K-120K
A584,2,121,2,1,1,3,1,1,0,0,0,0,0,1,160,Amman,Bunayat,0,0,579.0,92640.0,1,0,8,2,579.0,1,36,87443.74942565506,5196.250574344944,5.61,80K-120K
A585,2,122,3,1,1,3,1,1,0,0,0,0,0,1,162,Amman,Bunayat,0,0,581.0,94122.0,1,0,9,2,581.0,1,36,75184.77859608416,18937.221403915843,20.12,80K-120K
A586,2,131,3,1,1,4,1,1,1,0,0,1,0,1,205,Amman,Bunayat,0,0,600.0,123000.0,1,0,10,4,600.0,1,36,114665.01217260468,8334.987827395322,6.78,120K-180K
A587,2,132,4,1,1,4,1,1,1,0,0,1,0,1,215,Amman,Bunayat,0,0,600.0,129000.0,1,0,11,4,600.0,1,36,131133.59724643902,-2133.5972464390215,-1.65,120K-180K
A588,2,-201,3,1,1,3,1,1,1,0,1,0,0,0,200,Amman,Bunayat,0,0,600.0,120000.0,0,1,9,3,600.0,1,36,108095.46940075746,11904.530599242542,9.92,80K-120K
A589,2,-202,3,1,1,3,1,1,0,0,0,0,0,0,160,Amman,Bunayat,0,0,513.0,82080.0,0,1,9,1,513.0,1,36,82265.8097495,-185.80974949999654,-0.23,80K-120K
A590,2,-101,3,1,1,3,1,1,1,0,1,0,0,0,200,Amman,Bunayat,0,0,499.0,99800.0,0,1,9,3,499.0,1,36,108095.46940075746,-8295.469400757458,-8.31,80K-120K
A591,2,-102,3,1,1,3,1,1,1,0,1,0,0,0,190,Amman,Bunayat,0,0,474.0,90060.0,0,1,9,3,474.0,1,36,102974.36256470095,-12914.362564700947,-14.34,80K-120K
A592,2,101,3,1,1,3,1,1,1,1,1,0,0,1,200,Amman,Bunayat,0,0,602.0,120400.0,1,0,9,5,602.0,1,36,116250.55883014452,4149.441169855476,3.45,120K-180K
A593,2,102,3,1,1,3,1,1,1,1,0,0,0,0,190,Amman,Bunayat,0,0,600.0,114000.0,1,0,9,3,600.0,1,36,110657.07841020318,3342.9215897968243,2.93,80K-120K
A594,2,111,3,1,1,3,1,1,1,0,0,0,0,1,200,Amman,Bunayat,0,0,579.0,115800.0,1,0,9,3,579.0,1,36,110577.09633216512,5222.903667834878,4.51,80K-120K
A595,2,112,3,1,1,3,1,1,1,0,0,0,0,1,190,Amman,Bunayat,0,0,553.0,105070.0,1,0,9,3,553.0,1,36,107685.3722038781,-2615.372203878098,-2.49,80K-120K
A596,2,121,3,1,1,3,1,1,1,0,0,0,0,1,200,Amman,Bunayat,0,0,580.0,116000.0,1,0,9,3,580.0,1,36,110577.09633216512,5422.903667834878,4.67,80K-120K
A597,2,122,3,1,1,3,1,1,1,0,0,0,0,1,190,Amman,Bunayat,0,0,555.0,105450.0,1,0,9,3,555.0,1,36,107685.3722038781,-2235.372203878098,-2.12,80K-120K
A598,2,131,4,1,1,4,1,1,1,0,0,1,0,1,206,Amman,Bunayat,0,0,728.0,149968.0,1,0,11,4,728.0,1,36,128548.20753767448,21419.792462325524,14.28,120K-180K
A599,2,132,4,1,1,4,1,1,1,0,0,1,0,1,250,Amman,Bunayat,0,0,568.0,159894.0,1,0,11,4,639.58,1,36,148837.63991640968,11056.36008359032,6.91,120K-180K
A600,5,132,4,1,1,4,1,1,1,0,0,1,0,1,302,Amman,Bunayat,1,3,795.0,240090.0,1,0,11,4,795.0,1,36,180080.2630975409,60009.73690245909,24.99,Above 180K
A601,2,122,3,1,1,3,1,1,0,0,0,0,0,1,186,Amman,Bunayat,0,0,457.0,85000.0,1,0,9,2,456.99,1,36,93415.75842910697,-8415.758429106965,-9.9,80K-120K
A602,4,112,3,1,1,3,1,1,1,0,0,0,0,1,210,Amman,Bunayat,0,0,500.0,105000.0,1,0,9,3,500.0,1,36,106695.7101283078,-1695.7101283077936,-1.61,80K-120K
A603,10,112,3,1,1,2,1,1,1,0,0,0,0,1,172,Amman,Bunayat,0,0,500.0,86000.0,1,0,8,3,500.0,1,36,85872.36504305688,127.6349569431186,0.15,80K-120K
